,Date,Close,Volume
0,2021-08-02 09-30,3356.3301,251872.0
1,2021-08-02 09-31,3347.0,60773.0
2,2021-08-02 09-32,3344.78,31057.0
3,2021-08-02 09-33,3347.8701,38405.0
4,2021-08-02 09-34,3346.8899,14413.0
5,2021-08-02 09-35,3343.5801,15035.0
6,2021-08-02 09-36,3334.0601,35977.0
7,2021-08-02 09-37,3336.6699,40011.0
8,2021-08-02 09-38,3332.8799,28529.0
9,2021-08-02 09-39,3336.04,23759.0
10,2021-08-02 09-40,3332.8679,21631.0
11,2021-08-02 09-41,3334.1799,37214.0
12,2021-08-02 09-42,3336.7549,31783.0
13,2021-08-02 09-43,3334.9851,14576.0
14,2021-08-02 09-44,3331.8501,18751.0
15,2021-08-02 09-45,3331.8501,0.0
16,2021-08-02 09-46,3336.0017,35570.0
17,2021-08-02 09-47,3334.3899,27416.0
18,2021-08-02 09-48,3330.5,17496.0
19,2021-08-02 09-49,3327.05,36705.0
20,2021-08-02 09-50,3328.6399,18251.0
21,2021-08-02 09-51,3328.5601,16172.0
22,2021-08-02 09-52,3328.53,14656.0
23,2021-08-02 09-53,3327.5,24774.0
24,2021-08-02 09-54,3327.5,0.0
25,2021-08-02 09-55,3334.55,38465.0
26,2021-08-02 09-56,3333.3799,15724.0
27,2021-08-02 09-57,3334.0,10085.0
28,2021-08-02 09-58,3334.375,13343.0
29,2021-08-02 09-59,3335.73,16886.0
30,2021-08-02 10-00,3333.0701,20319.0
31,2021-08-02 10-01,3333.2151,15326.0
32,2021-08-02 10-02,3332.98,14163.0
33,2021-08-02 10-03,3334.8501,8797.0
34,2021-08-02 10-04,3335.5676,20151.0
35,2021-08-02 10-05,3338.0,19791.0
36,2021-08-02 10-06,3336.4099,13958.0
37,2021-08-02 10-07,3330.77,13856.0
38,2021-08-02 10-08,3325.25,21239.0
39,2021-08-02 10-09,3325.25,0.0
40,2021-08-02 10-10,3327.3872,8870.0
41,2021-08-02 10-11,3328.3999,23822.0
42,2021-08-02 10-12,3330.0,13267.0
43,2021-08-02 10-13,3335.0349,14177.0
44,2021-08-02 10-14,3334.98,7704.0
45,2021-08-02 10-15,3334.98,0.0
46,2021-08-02 10-16,3336.8601,28748.0
47,2021-08-02 10-17,3337.0701,7870.0
48,2021-08-02 10-18,3336.76,4725.0
49,2021-08-02 10-19,3336.76,0.0
50,2021-08-02 10-20,3341.1001,21629.0
51,2021-08-02 10-21,3342.2549,7997.0
52,2021-08-02 10-22,3340.99,11457.0
53,2021-08-02 10-23,3335.98,14628.0
54,2021-08-02 10-24,3335.98,0.0
55,2021-08-02 10-25,3330.4751,26707.0
56,2021-08-02 10-26,3337.6499,16282.0
57,2021-08-02 10-27,3336.1101,9479.0
58,2021-08-02 10-28,3333.55,4149.0
59,2021-08-02 10-29,3332.01,11333.0
60,2021-08-02 10-30,3333.1201,8830.0
61,2021-08-02 10-31,3333.1201,0.0
62,2021-08-02 10-32,3329.4399,19234.0
63,2021-08-02 10-33,3330.1641,8352.0
64,2021-08-02 10-34,3331.7,9877.0
65,2021-08-02 10-35,3329.8601,10310.0
66,2021-08-02 10-36,3333.0,6054.0
67,2021-08-02 10-37,3330.05,16005.0
68,2021-08-02 10-38,3330.05,0.0
69,2021-08-02 10-39,3329.7749,4692.0
70,2021-08-02 10-40,3332.3501,9499.0
71,2021-08-02 10-41,3332.3501,0.0
72,2021-08-02 10-42,3333.9099,12980.0
73,2021-08-02 10-43,3333.9099,0.0
74,2021-08-02 10-44,3332.54,14000.0
75,2021-08-02 10-45,3328.5901,13637.0
76,2021-08-02 10-46,3332.0286,16208.0
77,2021-08-02 10-47,3331.3899,2877.0
78,2021-08-02 10-48,3331.3899,0.0
79,2021-08-02 10-49,3332.76,20516.0
80,2021-08-02 10-50,3332.0,3255.0
81,2021-08-02 10-51,3326.6899,12069.0
82,2021-08-02 10-52,3330.0601,10211.0
83,2021-08-02 10-53,3327.6699,20763.0
84,2021-08-02 10-54,3327.6699,0.0
85,2021-08-02 10-55,3330.79,9132.0
86,2021-08-02 10-56,3329.0,4095.0
87,2021-08-02 10-57,3328.6299,5838.0
88,2021-08-02 10-58,3327.3684,8368.0
89,2021-08-02 10-59,3325.6399,12531.0
90,2021-08-02 11-00,3329.9651,9613.0
91,2021-08-02 11-01,3331.1379,7982.0
92,2021-08-02 11-02,3330.1399,6649.0
93,2021-08-02 11-03,3331.1001,4446.0
94,2021-08-02 11-04,3330.7524,6855.0
95,2021-08-02 11-05,3335.4351,12060.0
96,2021-08-02 11-06,3334.55,7257.0
97,2021-08-02 11-07,3333.72,4862.0
98,2021-08-02 11-08,3333.72,0.0
99,2021-08-02 11-09,3333.79,7612.0
100,2021-08-02 11-10,3333.8,6851.0
101,2021-08-02 11-11,3334.73,6205.0
102,2021-08-02 11-12,3332.22,8637.0
103,2021-08-02 11-13,3332.22,0.0
104,2021-08-02 11-14,3331.0,18108.0
105,2021-08-02 11-15,3333.0,7624.0
106,2021-08-02 11-16,3333.0,0.0
107,2021-08-02 11-17,3335.6699,7032.0
108,2021-08-02 11-18,3335.6699,0.0
109,2021-08-02 11-19,3337.99,15951.0
110,2021-08-02 11-20,3336.26,10511.0
111,2021-08-02 11-21,3341.0,10515.0
112,2021-08-02 11-22,3337.45,8545.0
113,2021-08-02 11-23,3333.5649,9620.0
114,2021-08-02 11-24,3333.5649,0.0
115,2021-08-02 11-25,3331.04,22507.0
116,2021-08-02 11-26,3332.1201,5404.0
117,2021-08-02 11-27,3330.99,11773.0
118,2021-08-02 11-28,3332.0,4686.0
119,2021-08-02 11-29,3333.1799,3283.0
120,2021-08-02 11-30,3333.1799,0.0
121,2021-08-02 11-31,3331.74,3828.0
122,2021-08-02 11-32,3331.8301,3404.0
123,2021-08-02 11-33,3331.8301,0.0
124,2021-08-02 11-34,3332.3999,5859.0
125,2021-08-02 11-35,3331.96,2739.0
126,2021-08-02 11-36,3333.5,4722.0
127,2021-08-02 11-37,3334.1799,3647.0
128,2021-08-02 11-38,3331.8701,4606.0
129,2021-08-02 11-39,3331.0,6964.0
130,2021-08-02 11-40,3331.0,0.0
131,2021-08-02 11-41,3332.3401,3867.0
132,2021-08-02 11-42,3332.3401,0.0
133,2021-08-02 11-43,3330.04,9902.0
134,2021-08-02 11-44,3329.1399,3250.0
135,2021-08-02 11-45,3328.7,6113.0
136,2021-08-02 11-46,3329.3401,3412.0
137,2021-08-02 11-47,3327.8,5551.0
138,2021-08-02 11-48,3328.655,8071.0
139,2021-08-02 11-49,3328.655,0.0
140,2021-08-02 11-50,3330.46,8116.0
141,2021-08-02 11-51,3330.6499,3226.0
142,2021-08-02 11-52,3331.8701,5969.0
143,2021-08-02 11-53,3331.8701,0.0
144,2021-08-02 11-54,3328.8701,5890.0
145,2021-08-02 11-55,3330.1001,2752.0
146,2021-08-02 11-56,3330.0,4804.0
147,2021-08-02 11-57,3330.0,0.0
148,2021-08-02 11-58,3325.5437,17747.0
149,2021-08-02 11-59,3325.9998,12737.0
150,2021-08-02 12-00,3323.8999,9133.0
151,2021-08-02 12-01,3321.02,11089.0
152,2021-08-02 12-02,3321.645,10420.0
153,2021-08-02 12-03,3321.1799,8234.0
154,2021-08-02 12-04,3323.6035,14737.0
155,2021-08-02 12-05,3323.6035,0.0
156,2021-08-02 12-06,3321.645,6773.0
157,2021-08-02 12-07,3321.645,0.0
158,2021-08-02 12-08,3318.1353,25835.0
159,2021-08-02 12-09,3319.3501,8617.0
160,2021-08-02 12-10,3320.8301,10841.0
161,2021-08-02 12-11,3320.8301,0.0
162,2021-08-02 12-12,3321.0549,3703.0
163,2021-08-02 12-13,3324.3228,10093.0
164,2021-08-02 12-14,3324.3228,0.0
165,2021-08-02 12-15,3324.21,6176.0
166,2021-08-02 12-16,3325.6101,7125.0
167,2021-08-02 12-17,3324.1899,5134.0
168,2021-08-02 12-18,3326.0,3234.0
169,2021-08-02 12-19,3325.4099,3285.0
170,2021-08-02 12-20,3325.4099,0.0
171,2021-08-02 12-21,3322.72,12637.0
172,2021-08-02 12-22,3324.4299,7336.0
173,2021-08-02 12-23,3322.05,4690.0
174,2021-08-02 12-24,3324.0,5009.0
175,2021-08-02 12-25,3322.3701,6943.0
176,2021-08-02 12-26,3323.6101,3609.0
177,2021-08-02 12-27,3323.6101,0.0
178,2021-08-02 12-28,3322.1201,3398.0
179,2021-08-02 12-29,3322.1201,0.0
180,2021-08-02 12-30,3323.3701,8374.0
181,2021-08-02 12-31,3327.0,5884.0
182,2021-08-02 12-32,3327.72,17507.0
183,2021-08-02 12-33,3329.55,3222.0
184,2021-08-02 12-34,3329.085,1993.0
185,2021-08-02 12-35,3328.6699,1556.0
186,2021-08-02 12-36,3329.77,4070.0
187,2021-08-02 12-37,3330.95,3482.0
188,2021-08-02 12-38,3330.95,0.0
189,2021-08-02 12-39,3330.6699,5017.0
190,2021-08-02 12-40,3329.27,4650.0
191,2021-08-02 12-41,3327.77,2390.0
192,2021-08-02 12-42,3331.2517,7860.0
193,2021-08-02 12-43,3329.1699,2178.0
194,2021-08-02 12-44,3329.1699,0.0
195,2021-08-02 12-45,3329.4099,2191.0
196,2021-08-02 12-46,3328.936,4052.0
197,2021-08-02 12-47,3326.8899,2495.0
198,2021-08-02 12-48,3327.51,3526.0
199,2021-08-02 12-49,3326.05,1918.0
200,2021-08-02 12-50,3327.24,3067.0
201,2021-08-02 12-51,3326.6399,3851.0
202,2021-08-02 12-52,3331.0,3843.0
203,2021-08-02 12-53,3332.8201,14786.0
204,2021-08-02 12-54,3331.73,9708.0
205,2021-08-02 12-55,3331.73,0.0
206,2021-08-02 12-56,3330.0,12436.0
207,2021-08-02 12-57,3326.95,3922.0
208,2021-08-02 12-58,3329.97,4399.0
209,2021-08-02 12-59,3330.8301,3814.0
210,2021-08-02 13-00,3328.6699,4997.0
211,2021-08-02 13-01,3331.5801,3560.0
212,2021-08-02 13-02,3331.5801,0.0
213,2021-08-02 13-03,3330.0,4563.0
214,2021-08-02 13-04,3333.8101,5040.0
215,2021-08-02 13-05,3332.28,1933.0
216,2021-08-02 13-06,3331.3601,4611.0
217,2021-08-02 13-07,3331.3601,0.0
218,2021-08-02 13-08,3330.3899,4880.0
219,2021-08-02 13-09,3330.3899,0.0
220,2021-08-02 13-10,3331.8401,6541.0
221,2021-08-02 13-11,3333.0901,3950.0
222,2021-08-02 13-12,3333.5066,1941.0
223,2021-08-02 13-13,3333.5066,0.0
224,2021-08-02 13-14,3331.29,3100.0
225,2021-08-02 13-15,3331.04,2711.0
226,2021-08-02 13-16,3333.95,3061.0
227,2021-08-02 13-17,3333.5701,4871.0
228,2021-08-02 13-18,3333.5701,0.0
229,2021-08-02 13-19,3336.75,7724.0
230,2021-08-02 13-20,3336.75,0.0
231,2021-08-02 13-21,3335.3899,5427.0
232,2021-08-02 13-22,3334.0002,2857.0
233,2021-08-02 13-23,3334.0002,0.0
234,2021-08-02 13-24,3332.0,6034.0
235,2021-08-02 13-25,3332.0,0.0
236,2021-08-02 13-26,3334.2959,12011.0
237,2021-08-02 13-27,3331.3799,5807.0
238,2021-08-02 13-28,3331.3799,0.0
239,2021-08-02 13-29,3330.01,5172.0
240,2021-08-02 13-30,3332.75,6564.0
241,2021-08-02 13-31,3335.98,7640.0
242,2021-08-02 13-32,3335.074,5137.0
243,2021-08-02 13-33,3335.074,0.0
244,2021-08-02 13-34,3337.1399,13599.0
245,2021-08-02 13-35,3337.1399,0.0
246,2021-08-02 13-36,3336.26,7654.0
247,2021-08-02 13-37,3336.26,0.0
248,2021-08-02 13-38,3334.4651,6028.0
249,2021-08-02 13-39,3334.45,2556.0
250,2021-08-02 13-40,3334.45,0.0
251,2021-08-02 13-41,3337.5,4773.0
252,2021-08-02 13-42,3339.3899,14245.0
253,2021-08-02 13-43,3336.3501,8146.0
254,2021-08-02 13-44,3335.1899,2692.0
255,2021-08-02 13-45,3335.1899,3264.0
256,2021-08-02 13-46,3335.1899,0.0
257,2021-08-02 13-47,3333.24,3738.0
258,2021-08-02 13-48,3333.24,0.0
259,2021-08-02 13-49,3333.3301,5146.0
260,2021-08-02 13-50,3333.2629,2811.0
261,2021-08-02 13-51,3332.01,6308.0
262,2021-08-02 13-52,3333.0,3856.0
263,2021-08-02 13-53,3334.446,1532.0
264,2021-08-02 13-54,3332.9099,3746.0
265,2021-08-02 13-55,3332.1001,13531.0
266,2021-08-02 13-56,3330.5601,1822.0
267,2021-08-02 13-57,3330.5601,0.0
268,2021-08-02 13-58,3332.8201,1516.0
269,2021-08-02 13-59,3332.8201,0.0
270,2021-08-02 14-00,3329.78,14184.0
271,2021-08-02 14-01,3331.0,6662.0
272,2021-08-02 14-02,3331.0,2365.0
273,2021-08-02 14-03,3329.4451,4374.0
274,2021-08-02 14-04,3329.5801,5295.0
275,2021-08-02 14-05,3329.145,4317.0
276,2021-08-02 14-06,3332.1201,1811.0
277,2021-08-02 14-07,3330.1799,5445.0
278,2021-08-02 14-08,3328.6499,5091.0
279,2021-08-02 14-09,3327.7749,4452.0
280,2021-08-02 14-10,3330.3501,8959.0
281,2021-08-02 14-11,3329.2251,3379.0
282,2021-08-02 14-12,3329.3999,2873.0
283,2021-08-02 14-13,3329.3999,0.0
284,2021-08-02 14-14,3330.0,2170.0
285,2021-08-02 14-15,3330.0,0.0
286,2021-08-02 14-16,3330.95,3252.0
287,2021-08-02 14-17,3331.52,4276.0
288,2021-08-02 14-18,3333.0449,4801.0
289,2021-08-02 14-19,3333.0449,0.0
290,2021-08-02 14-20,3334.0,2165.0
291,2021-08-02 14-21,3335.0,3774.0
292,2021-08-02 14-22,3335.22,3635.0
293,2021-08-02 14-23,3335.22,0.0
294,2021-08-02 14-24,3335.1001,7163.0
295,2021-08-02 14-25,3334.4299,5816.0
296,2021-08-02 14-26,3334.9536,5688.0
297,2021-08-02 14-27,3334.05,2613.0
298,2021-08-02 14-28,3335.0,2736.0
299,2021-08-02 14-29,3334.5415,1945.0
300,2021-08-02 14-30,3335.2649,3809.0
301,2021-08-02 14-31,3335.76,3032.0
302,2021-08-02 14-32,3335.76,0.0
303,2021-08-02 14-33,3335.8101,1466.0
304,2021-08-02 14-34,3335.8101,0.0
305,2021-08-02 14-35,3334.75,5339.0
306,2021-08-02 14-36,3334.9683,2411.0
307,2021-08-02 14-37,3335.2051,2195.0
308,2021-08-02 14-38,3335.2051,0.0
309,2021-08-02 14-39,3334.6799,3982.0
310,2021-08-02 14-40,3336.47,6245.0
311,2021-08-02 14-41,3336.47,0.0
312,2021-08-02 14-42,3334.0701,2499.0
313,2021-08-02 14-43,3335.6399,2942.0
314,2021-08-02 14-44,3335.6873,2496.0
315,2021-08-02 14-45,3333.6851,3571.0
316,2021-08-02 14-46,3333.24,3489.0
317,2021-08-02 14-47,3333.24,0.0
318,2021-08-02 14-48,3332.5183,3070.0
319,2021-08-02 14-49,3333.865,5107.0
320,2021-08-02 14-50,3333.8149,1155.0
321,2021-08-02 14-51,3333.8149,0.0
322,2021-08-02 14-52,3335.95,10245.0
323,2021-08-02 14-53,3334.54,7613.0
324,2021-08-02 14-54,3334.54,0.0
325,2021-08-02 14-55,3334.8,2979.0
326,2021-08-02 14-56,3333.4651,3523.0
327,2021-08-02 14-57,3334.95,5631.0
328,2021-08-02 14-58,3334.4199,2368.0
329,2021-08-02 14-59,3333.8101,1580.0
330,2021-08-02 15-00,3335.3799,3083.0
331,2021-08-02 15-01,3335.3799,0.0
332,2021-08-02 15-02,3332.4399,6831.0
333,2021-08-02 15-03,3332.4399,0.0
334,2021-08-02 15-04,3334.9453,5794.0
335,2021-08-02 15-05,3335.55,4331.0
336,2021-08-02 15-06,3336.0801,9485.0
337,2021-08-02 15-07,3336.0801,0.0
338,2021-08-02 15-08,3336.6399,5052.0
339,2021-08-02 15-09,3336.3401,3690.0
340,2021-08-02 15-10,3336.3401,0.0
341,2021-08-02 15-11,3337.6851,7107.0
342,2021-08-02 15-12,3336.27,6709.0
343,2021-08-02 15-13,3339.8501,7823.0
344,2021-08-02 15-14,3337.24,9769.0
345,2021-08-02 15-15,3334.4099,4603.0
346,2021-08-02 15-16,3334.98,7183.0
347,2021-08-02 15-17,3337.4299,4093.0
348,2021-08-02 15-18,3337.4299,0.0
349,2021-08-02 15-19,3338.1499,10387.0
350,2021-08-02 15-20,3338.1499,0.0
351,2021-08-02 15-21,3336.0601,7916.0
352,2021-08-02 15-22,3335.76,5233.0
353,2021-08-02 15-23,3334.0,3721.0
354,2021-08-02 15-24,3333.72,5443.0
355,2021-08-02 15-25,3334.3999,4021.0
356,2021-08-02 15-26,3335.01,12078.0
357,2021-08-02 15-27,3335.1399,5225.0
358,2021-08-02 15-28,3335.1399,0.0
359,2021-08-02 15-29,3337.135,12713.0
360,2021-08-02 15-30,3337.1499,9428.0
361,2021-08-02 15-31,3336.0,7805.0
362,2021-08-02 15-32,3334.3899,5178.0
363,2021-08-02 15-33,3333.1499,3313.0
364,2021-08-02 15-34,3333.1499,0.0
365,2021-08-02 15-35,3334.3601,4559.0
366,2021-08-02 15-36,3333.135,6639.0
367,2021-08-02 15-37,3333.135,0.0
368,2021-08-02 15-38,3331.73,8191.0
369,2021-08-02 15-39,3330.0,5493.0
370,2021-08-02 15-40,3327.4199,6894.0
371,2021-08-02 15-41,3328.1201,7371.0
372,2021-08-02 15-42,3329.5,4295.0
373,2021-08-02 15-43,3329.5,0.0
374,2021-08-02 15-44,3326.8999,9432.0
375,2021-08-02 15-45,3326.48,7455.0
376,2021-08-02 15-46,3326.4399,6658.0
377,2021-08-02 15-47,3326.6299,4886.0
378,2021-08-02 15-48,3326.6299,0.0
379,2021-08-02 15-49,3327.23,6693.0
380,2021-08-02 15-50,3324.0249,12099.0
381,2021-08-02 15-51,3327.5601,11677.0
382,2021-08-02 15-52,3327.5601,0.0
383,2021-08-02 15-53,3328.5801,19449.0
384,2021-08-02 15-54,3330.095,8944.0
385,2021-08-02 15-55,3328.52,14816.0
386,2021-08-02 15-56,3330.71,12608.0
387,2021-08-02 15-57,3329.7,12771.0
388,2021-08-02 15-58,3330.95,21231.0
389,2021-08-02 15-59,3332.74,24659.0
390,2021-08-03 09-30,3342.1499,89272.0
391,2021-08-03 09-31,3333.2278,41367.0
392,2021-08-03 09-32,3334.0,16557.0
393,2021-08-03 09-33,3328.54,34876.0
394,2021-08-03 09-34,3325.2,10502.0
395,2021-08-03 09-35,3329.425,14788.0
396,2021-08-03 09-36,3329.425,0.0
397,2021-08-03 09-37,3329.949,21381.0
398,2021-08-03 09-38,3330.1499,12636.0
399,2021-08-03 09-39,3335.3101,11266.0
400,2021-08-03 09-40,3335.8601,8812.0
401,2021-08-03 09-41,3329.6521,10159.0
402,2021-08-03 09-42,3330.97,7666.0
403,2021-08-03 09-43,3331.6201,7946.0
404,2021-08-03 09-44,3331.6201,0.0
405,2021-08-03 09-45,3329.0701,18563.0
406,2021-08-03 09-46,3335.4854,10130.0
407,2021-08-03 09-47,3341.0,19133.0
408,2021-08-03 09-48,3340.3501,18788.0
409,2021-08-03 09-49,3341.0,18096.0
410,2021-08-03 09-50,3336.1101,9486.0
411,2021-08-03 09-51,3336.97,14741.0
412,2021-08-03 09-52,3335.165,10036.0
413,2021-08-03 09-53,3328.0,14987.0
414,2021-08-03 09-54,3328.5,8528.0
415,2021-08-03 09-55,3324.5415,15929.0
416,2021-08-03 09-56,3327.105,19232.0
417,2021-08-03 09-57,3326.635,14275.0
418,2021-08-03 09-58,3325.0549,9884.0
419,2021-08-03 09-59,3324.46,10949.0
420,2021-08-03 10-00,3322.73,16901.0
421,2021-08-03 10-01,3322.6299,13832.0
422,2021-08-03 10-02,3322.6499,7657.0
423,2021-08-03 10-03,3323.3601,6867.0
424,2021-08-03 10-04,3321.0601,9717.0
425,2021-08-03 10-05,3322.7451,10193.0
426,2021-08-03 10-06,3322.7451,0.0
427,2021-08-03 10-07,3320.0,15023.0
428,2021-08-03 10-08,3316.0088,13183.0
429,2021-08-03 10-09,3316.49,14961.0
430,2021-08-03 10-10,3310.6499,15600.0
431,2021-08-03 10-11,3311.9751,10403.0
432,2021-08-03 10-12,3311.5,10403.0
433,2021-08-03 10-13,3310.3,22420.0
434,2021-08-03 10-14,3308.8999,14686.0
435,2021-08-03 10-15,3307.5,7954.0
436,2021-08-03 10-16,3305.01,27148.0
437,2021-08-03 10-17,3304.499,11964.0
438,2021-08-03 10-18,3303.6799,15797.0
439,2021-08-03 10-19,3303.6799,0.0
440,2021-08-03 10-20,3310.9995,33514.0
441,2021-08-03 10-21,3309.1001,16497.0
442,2021-08-03 10-22,3309.1001,0.0
443,2021-08-03 10-23,3315.0,9902.0
444,2021-08-03 10-24,3315.0,0.0
445,2021-08-03 10-25,3316.1599,20935.0
446,2021-08-03 10-26,3312.5957,10201.0
447,2021-08-03 10-27,3312.0833,10627.0
448,2021-08-03 10-28,3312.0833,0.0
449,2021-08-03 10-29,3310.1379,4450.0
450,2021-08-03 10-30,3309.7429,6444.0
451,2021-08-03 10-31,3311.5,12211.0
452,2021-08-03 10-32,3310.165,4613.0
453,2021-08-03 10-33,3309.0,6080.0
454,2021-08-03 10-34,3309.0,6868.0
455,2021-08-03 10-35,3307.3999,8804.0
456,2021-08-03 10-36,3304.1404,15299.0
457,2021-08-03 10-37,3305.6899,14149.0
458,2021-08-03 10-38,3306.9399,6464.0
459,2021-08-03 10-39,3305.6499,6940.0
460,2021-08-03 10-40,3305.1499,2872.0
461,2021-08-03 10-41,3307.95,9940.0
462,2021-08-03 10-42,3307.99,7712.0
463,2021-08-03 10-43,3306.4099,4379.0
464,2021-08-03 10-44,3306.4099,0.0
465,2021-08-03 10-45,3304.1201,16633.0
466,2021-08-03 10-46,3301.71,13212.0
467,2021-08-03 10-47,3303.3,11217.0
468,2021-08-03 10-48,3305.0,7267.0
469,2021-08-03 10-49,3305.0,0.0
470,2021-08-03 10-50,3311.0,18238.0
471,2021-08-03 10-51,3309.2,12248.0
472,2021-08-03 10-52,3308.26,4595.0
473,2021-08-03 10-53,3308.26,0.0
474,2021-08-03 10-54,3305.51,19188.0
475,2021-08-03 10-55,3303.51,6458.0
476,2021-08-03 10-56,3304.1799,10384.0
477,2021-08-03 10-57,3304.8015,5655.0
478,2021-08-03 10-58,3304.72,3424.0
479,2021-08-03 10-59,3304.72,0.0
480,2021-08-03 11-00,3305.3696,8384.0
481,2021-08-03 11-01,3305.72,8545.0
482,2021-08-03 11-02,3301.5601,7194.0
483,2021-08-03 11-03,3305.79,3948.0
484,2021-08-03 11-04,3304.8,4519.0
485,2021-08-03 11-05,3304.5701,3353.0
486,2021-08-03 11-06,3304.8,5822.0
487,2021-08-03 11-07,3301.0,10103.0
488,2021-08-03 11-08,3301.0,0.0
489,2021-08-03 11-09,3301.5149,40773.0
490,2021-08-03 11-10,3303.7051,8186.0
491,2021-08-03 11-11,3304.395,11572.0
492,2021-08-03 11-12,3304.9351,6155.0
493,2021-08-03 11-13,3302.73,5546.0
494,2021-08-03 11-14,3302.0049,45667.0
495,2021-08-03 11-15,3301.7625,12414.0
496,2021-08-03 11-16,3303.6399,9090.0
497,2021-08-03 11-17,3306.99,9994.0
498,2021-08-03 11-18,3303.9099,5409.0
499,2021-08-03 11-19,3302.1201,5442.0
500,2021-08-03 11-20,3301.7549,5065.0
501,2021-08-03 11-21,3303.78,4137.0
502,2021-08-03 11-22,3303.78,0.0
503,2021-08-03 11-23,3306.1799,14729.0
504,2021-08-03 11-24,3306.8401,6627.0
505,2021-08-03 11-25,3306.8401,0.0
506,2021-08-03 11-26,3303.2849,17033.0
507,2021-08-03 11-27,3306.3701,7833.0
508,2021-08-03 11-28,3309.0,6642.0
509,2021-08-03 11-29,3310.8149,15204.0
510,2021-08-03 11-30,3313.4827,13647.0
511,2021-08-03 11-31,3313.9851,17210.0
512,2021-08-03 11-32,3314.3965,9567.0
513,2021-08-03 11-33,3316.1899,4469.0
514,2021-08-03 11-34,3319.1965,14079.0
515,2021-08-03 11-35,3318.0,9648.0
516,2021-08-03 11-36,3316.8501,37919.0
517,2021-08-03 11-37,3316.0,7919.0
518,2021-08-03 11-38,3314.9399,17696.0
519,2021-08-03 11-39,3315.47,4396.0
520,2021-08-03 11-40,3317.71,7912.0
521,2021-08-03 11-41,3316.73,4779.0
522,2021-08-03 11-42,3318.2825,16492.0
523,2021-08-03 11-43,3320.4551,17779.0
524,2021-08-03 11-44,3321.99,11815.0
525,2021-08-03 11-45,3326.7,14511.0
526,2021-08-03 11-46,3328.8201,20295.0
527,2021-08-03 11-47,3331.5249,15748.0
528,2021-08-03 11-48,3330.5288,11477.0
529,2021-08-03 11-49,3335.1897,12579.0
530,2021-08-03 11-50,3337.8264,14526.0
531,2021-08-03 11-51,3340.76,12658.0
532,2021-08-03 11-52,3340.76,0.0
533,2021-08-03 11-53,3337.1101,22544.0
534,2021-08-03 11-54,3335.71,4437.0
535,2021-08-03 11-55,3338.04,10121.0
536,2021-08-03 11-56,3342.0,9953.0
537,2021-08-03 11-57,3344.0,29425.0
538,2021-08-03 11-58,3347.3999,18760.0
539,2021-08-03 11-59,3348.6699,14405.0
540,2021-08-03 12-00,3350.9998,15117.0
541,2021-08-03 12-01,3347.0,28492.0
542,2021-08-03 12-02,3352.77,17236.0
543,2021-08-03 12-03,3349.7949,15633.0
544,2021-08-03 12-04,3350.175,12194.0
545,2021-08-03 12-05,3349.1499,6045.0
546,2021-08-03 12-06,3345.5,16031.0
547,2021-08-03 12-07,3343.3899,13135.0
548,2021-08-03 12-08,3343.8601,4429.0
549,2021-08-03 12-09,3347.0,7199.0
550,2021-08-03 12-10,3347.1899,9862.0
551,2021-08-03 12-11,3346.4551,5229.0
552,2021-08-03 12-12,3346.77,25657.0
553,2021-08-03 12-13,3347.0,5856.0
554,2021-08-03 12-14,3349.22,20118.0
555,2021-08-03 12-15,3349.22,0.0
556,2021-08-03 12-16,3352.7561,15386.0
557,2021-08-03 12-17,3351.4399,7186.0
558,2021-08-03 12-18,3349.22,5451.0
559,2021-08-03 12-19,3348.29,17461.0
560,2021-08-03 12-20,3348.51,17672.0
561,2021-08-03 12-21,3348.75,5432.0
562,2021-08-03 12-22,3348.6201,6671.0
563,2021-08-03 12-23,3348.6201,0.0
564,2021-08-03 12-24,3348.47,4462.0
565,2021-08-03 12-25,3348.47,0.0
566,2021-08-03 12-26,3348.085,11707.0
567,2021-08-03 12-27,3345.3965,3291.0
568,2021-08-03 12-28,3349.3,8305.0
569,2021-08-03 12-29,3349.3,0.0
570,2021-08-03 12-30,3349.24,7871.0
571,2021-08-03 12-31,3349.24,0.0
572,2021-08-03 12-32,3355.2,23376.0
573,2021-08-03 12-33,3357.1836,14424.0
574,2021-08-03 12-34,3360.78,16449.0
575,2021-08-03 12-35,3365.3601,19760.0
576,2021-08-03 12-36,3366.3301,25824.0
577,2021-08-03 12-37,3369.5984,20127.0
578,2021-08-03 12-38,3372.0,18429.0
579,2021-08-03 12-39,3371.8352,13639.0
580,2021-08-03 12-40,3374.22,25580.0
581,2021-08-03 12-41,3372.0,18118.0
582,2021-08-03 12-42,3372.0,10356.0
583,2021-08-03 12-43,3369.0,8658.0
584,2021-08-03 12-44,3366.0288,18490.0
585,2021-08-03 12-45,3370.3101,13493.0
586,2021-08-03 12-46,3370.3101,0.0
587,2021-08-03 12-47,3371.0039,20121.0
588,2021-08-03 12-48,3371.0039,0.0
589,2021-08-03 12-49,3371.252,17205.0
590,2021-08-03 12-50,3369.0,6105.0
591,2021-08-03 12-51,3370.0352,5731.0
592,2021-08-03 12-52,3370.0352,0.0
593,2021-08-03 12-53,3369.0752,10264.0
594,2021-08-03 12-54,3372.0,6864.0
595,2021-08-03 12-55,3370.3352,16761.0
596,2021-08-03 12-56,3373.4072,9663.0
597,2021-08-03 12-57,3373.4072,0.0
598,2021-08-03 12-58,3372.4663,18169.0
599,2021-08-03 12-59,3371.8752,3975.0
600,2021-08-03 13-00,3374.0647,10085.0
601,2021-08-03 13-01,3376.0,10868.0
602,2021-08-03 13-02,3376.0,13421.0
603,2021-08-03 13-03,3376.8059,11824.0
604,2021-08-03 13-04,3372.9004,6603.0
605,2021-08-03 13-05,3372.9004,0.0
606,2021-08-03 13-06,3374.3999,15026.0
607,2021-08-03 13-07,3374.74,4846.0
608,2021-08-03 13-08,3377.0,9866.0
609,2021-08-03 13-09,3377.0,0.0
610,2021-08-03 13-10,3373.76,31706.0
611,2021-08-03 13-11,3376.0923,9057.0
612,2021-08-03 13-12,3375.6599,6014.0
613,2021-08-03 13-13,3375.0,6622.0
614,2021-08-03 13-14,3374.104,6106.0
615,2021-08-03 13-15,3374.104,0.0
616,2021-08-03 13-16,3375.8899,5934.0
617,2021-08-03 13-17,3381.3101,30189.0
618,2021-08-03 13-18,3381.21,7606.0
619,2021-08-03 13-19,3386.55,14326.0
620,2021-08-03 13-20,3385.5647,11433.0
621,2021-08-03 13-21,3386.8301,9401.0
622,2021-08-03 13-22,3389.77,21486.0
623,2021-08-03 13-23,3388.05,14987.0
624,2021-08-03 13-24,3383.0,20862.0
625,2021-08-03 13-25,3380.8101,18955.0
626,2021-08-03 13-26,3382.0,11451.0
627,2021-08-03 13-27,3382.0,4118.0
628,2021-08-03 13-28,3384.0,4464.0
629,2021-08-03 13-29,3378.6936,7762.0
630,2021-08-03 13-30,3381.4153,11716.0
631,2021-08-03 13-31,3382.8999,111177.0
632,2021-08-03 13-32,3382.8999,0.0
633,2021-08-03 13-33,3383.0352,8222.0
634,2021-08-03 13-34,3381.75,4808.0
635,2021-08-03 13-35,3382.55,3774.0
636,2021-08-03 13-36,3383.2351,4902.0
637,2021-08-03 13-37,3383.2351,0.0
638,2021-08-03 13-38,3379.5,10275.0
639,2021-08-03 13-39,3378.6499,38974.0
640,2021-08-03 13-40,3379.0559,6090.0
641,2021-08-03 13-41,3379.0559,0.0
642,2021-08-03 13-42,3380.9607,11940.0
643,2021-08-03 13-43,3381.1353,3186.0
644,2021-08-03 13-44,3380.55,5933.0
645,2021-08-03 13-45,3379.6399,5670.0
646,2021-08-03 13-46,3378.79,2855.0
647,2021-08-03 13-47,3378.79,0.0
648,2021-08-03 13-48,3374.0,12156.0
649,2021-08-03 13-49,3372.5801,15564.0
650,2021-08-03 13-50,3374.53,4145.0
651,2021-08-03 13-51,3374.2249,18221.0
652,2021-08-03 13-52,3372.1699,8229.0
653,2021-08-03 13-53,3372.1699,0.0
654,2021-08-03 13-54,3373.78,8484.0
655,2021-08-03 13-55,3373.78,0.0
656,2021-08-03 13-56,3374.4099,9039.0
657,2021-08-03 13-57,3374.55,5789.0
658,2021-08-03 13-58,3373.7324,3678.0
659,2021-08-03 13-59,3372.6001,5793.0
660,2021-08-03 14-00,3373.29,3697.0
661,2021-08-03 14-01,3369.6753,9058.0
662,2021-08-03 14-02,3366.0801,16324.0
663,2021-08-03 14-03,3367.3667,10700.0
664,2021-08-03 14-04,3367.3667,0.0
665,2021-08-03 14-05,3368.9048,9472.0
666,2021-08-03 14-06,3369.03,12322.0
667,2021-08-03 14-07,3369.03,0.0
668,2021-08-03 14-08,3372.6001,14179.0
669,2021-08-03 14-09,3373.8899,4669.0
670,2021-08-03 14-10,3374.25,5236.0
671,2021-08-03 14-11,3377.45,6278.0
672,2021-08-03 14-12,3377.45,0.0
673,2021-08-03 14-13,3377.3401,13944.0
674,2021-08-03 14-14,3378.9399,5296.0
675,2021-08-03 14-15,3378.23,11107.0
676,2021-08-03 14-16,3377.0901,3425.0
677,2021-08-03 14-17,3375.6201,3582.0
678,2021-08-03 14-18,3375.6201,0.0
679,2021-08-03 14-19,3377.99,8519.0
680,2021-08-03 14-20,3380.0,9772.0
681,2021-08-03 14-21,3380.8799,3232.0
682,2021-08-03 14-22,3381.3071,6588.0
683,2021-08-03 14-23,3381.3071,0.0
684,2021-08-03 14-24,3380.0449,6649.0
685,2021-08-03 14-25,3378.8301,5468.0
686,2021-08-03 14-26,3379.2649,4972.0
687,2021-08-03 14-27,3379.2649,0.0
688,2021-08-03 14-28,3380.01,4964.0
689,2021-08-03 14-29,3378.6953,4943.0
690,2021-08-03 14-30,3377.8899,2312.0
691,2021-08-03 14-31,3377.8899,0.0
692,2021-08-03 14-32,3375.5249,11007.0
693,2021-08-03 14-33,3374.3799,7556.0
694,2021-08-03 14-34,3374.3799,0.0
695,2021-08-03 14-35,3376.9399,5226.0
696,2021-08-03 14-36,3376.9399,0.0
697,2021-08-03 14-37,3372.8701,5351.0
698,2021-08-03 14-38,3374.53,3146.0
699,2021-08-03 14-39,3374.4153,2191.0
700,2021-08-03 14-40,3374.4153,0.0
701,2021-08-03 14-41,3371.4399,3215.0
702,2021-08-03 14-42,3371.4399,0.0
703,2021-08-03 14-43,3368.96,5386.0
704,2021-08-03 14-44,3370.55,6598.0
705,2021-08-03 14-45,3370.55,0.0
706,2021-08-03 14-46,3371.2551,7860.0
707,2021-08-03 14-47,3370.6899,7166.0
708,2021-08-03 14-48,3370.6899,0.0
709,2021-08-03 14-49,3366.8999,6595.0
710,2021-08-03 14-50,3361.5608,13887.0
711,2021-08-03 14-51,3361.5608,0.0
712,2021-08-03 14-52,3364.5107,6016.0
713,2021-08-03 14-53,3364.6299,4229.0
714,2021-08-03 14-54,3365.03,5783.0
715,2021-08-03 14-55,3366.47,3306.0
716,2021-08-03 14-56,3369.7617,6320.0
717,2021-08-03 14-57,3369.7617,0.0
718,2021-08-03 14-58,3367.78,3948.0
719,2021-08-03 14-59,3365.51,3889.0
720,2021-08-03 15-00,3364.7249,3052.0
721,2021-08-03 15-01,3364.7249,0.0
722,2021-08-03 15-02,3362.1499,10499.0
723,2021-08-03 15-03,3362.97,6442.0
724,2021-08-03 15-04,3362.97,0.0
725,2021-08-03 15-05,3361.3601,2945.0
726,2021-08-03 15-06,3363.6001,6350.0
727,2021-08-03 15-07,3363.5,4880.0
728,2021-08-03 15-08,3363.5,0.0
729,2021-08-03 15-09,3361.1299,7739.0
730,2021-08-03 15-10,3361.1299,0.0
731,2021-08-03 15-11,3360.28,20758.0
732,2021-08-03 15-12,3360.0,5950.0
733,2021-08-03 15-13,3359.176,6662.0
734,2021-08-03 15-14,3357.3647,11688.0
735,2021-08-03 15-15,3357.3647,0.0
736,2021-08-03 15-16,3356.1201,4987.0
737,2021-08-03 15-17,3358.52,8502.0
738,2021-08-03 15-18,3360.3247,4607.0
739,2021-08-03 15-19,3360.3247,0.0
740,2021-08-03 15-20,3360.9751,8331.0
741,2021-08-03 15-21,3361.4319,6993.0
742,2021-08-03 15-22,3358.3247,13053.0
743,2021-08-03 15-23,3356.6299,2884.0
744,2021-08-03 15-24,3356.6299,0.0
745,2021-08-03 15-25,3357.23,8107.0
746,2021-08-03 15-26,3358.3633,4975.0
747,2021-08-03 15-27,3362.3999,7465.0
748,2021-08-03 15-28,3362.5376,6712.0
749,2021-08-03 15-29,3361.6399,4708.0
750,2021-08-03 15-30,3361.812,3726.0
751,2021-08-03 15-31,3361.0,3097.0
752,2021-08-03 15-32,3360.5,4815.0
753,2021-08-03 15-33,3361.9724,4307.0
754,2021-08-03 15-34,3363.49,7949.0
755,2021-08-03 15-35,3365.6101,10025.0
756,2021-08-03 15-36,3366.5801,4830.0
757,2021-08-03 15-37,3367.7751,10086.0
758,2021-08-03 15-38,3364.8999,55602.0
759,2021-08-03 15-39,3364.8999,0.0
760,2021-08-03 15-40,3364.7351,2003.0
761,2021-08-03 15-41,3364.7351,0.0
762,2021-08-03 15-42,3368.8799,8137.0
763,2021-08-03 15-43,3367.4199,8353.0
764,2021-08-03 15-44,3366.0901,4093.0
765,2021-08-03 15-45,3363.6201,10847.0
766,2021-08-03 15-46,3365.04,5996.0
767,2021-08-03 15-47,3365.04,0.0
768,2021-08-03 15-48,3364.8501,8096.0
769,2021-08-03 15-49,3361.46,7696.0
770,2021-08-03 15-50,3361.2,7114.0
771,2021-08-03 15-51,3360.8752,10173.0
772,2021-08-03 15-52,3360.8752,0.0
773,2021-08-03 15-53,3361.7,13994.0
774,2021-08-03 15-54,3361.7,0.0
775,2021-08-03 15-55,3362.22,25517.0
776,2021-08-04 09-30,3376.0601,90195.0
777,2021-08-04 09-31,3368.8201,26544.0
778,2021-08-04 09-32,3376.49,11770.0
779,2021-08-04 09-33,3377.8601,14019.0
780,2021-08-04 09-34,3385.74,26141.0
781,2021-08-04 09-35,3377.9561,13741.0
782,2021-08-04 09-36,3375.8401,13504.0
783,2021-08-04 09-37,3375.7849,14188.0
784,2021-08-04 09-38,3384.5,8923.0
785,2021-08-04 09-39,3385.49,17185.0
786,2021-08-04 09-40,3379.8799,16627.0
787,2021-08-04 09-41,3378.27,6161.0
788,2021-08-04 09-42,3370.96,10949.0
789,2021-08-04 09-43,3369.8,20454.0
790,2021-08-04 09-44,3367.9299,11888.0
791,2021-08-04 09-45,3370.1001,13994.0
792,2021-08-04 09-46,3374.01,7496.0
793,2021-08-04 09-47,3375.2,9869.0
794,2021-08-04 09-48,3371.6599,9467.0
795,2021-08-04 09-49,3373.1201,10151.0
796,2021-08-04 09-50,3371.4048,25106.0
797,2021-08-04 09-51,3371.4048,0.0
798,2021-08-04 09-52,3363.02,11367.0
799,2021-08-04 09-53,3362.4299,10106.0
800,2021-08-04 09-54,3362.7,15938.0
801,2021-08-04 09-55,3360.9097,15762.0
802,2021-08-04 09-56,3363.8823,8965.0
803,2021-08-04 09-57,3363.8401,15527.0
804,2021-08-04 09-58,3361.95,4538.0
805,2021-08-04 09-59,3361.95,0.0
806,2021-08-04 10-00,3363.3701,6963.0
807,2021-08-04 10-01,3360.8601,7133.0
808,2021-08-04 10-02,3358.26,7980.0
809,2021-08-04 10-03,3355.04,6398.0
810,2021-08-04 10-04,3355.04,0.0
811,2021-08-04 10-05,3357.4551,20407.0
812,2021-08-04 10-06,3357.4551,0.0
813,2021-08-04 10-07,3353.5999,14815.0
814,2021-08-04 10-08,3353.9951,5328.0
815,2021-08-04 10-09,3356.4568,6632.0
816,2021-08-04 10-10,3356.4568,0.0
817,2021-08-04 10-11,3356.5,8657.0
818,2021-08-04 10-12,3356.0,5437.0
819,2021-08-04 10-13,3354.885,10788.0
820,2021-08-04 10-14,3354.885,0.0
821,2021-08-04 10-15,3354.46,7620.0
822,2021-08-04 10-16,3354.0,5215.0
823,2021-08-04 10-17,3350.52,16404.0
824,2021-08-04 10-18,3350.0,6445.0
825,2021-08-04 10-19,3352.1028,6308.0
826,2021-08-04 10-20,3353.0,5207.0
827,2021-08-04 10-21,3350.7949,8044.0
828,2021-08-04 10-22,3349.5601,7837.0
829,2021-08-04 10-23,3351.02,10812.0
830,2021-08-04 10-24,3350.8701,4288.0
831,2021-08-04 10-25,3352.0,6131.0
832,2021-08-04 10-26,3353.4617,6045.0
833,2021-08-04 10-27,3354.7,10398.0
834,2021-08-04 10-28,3353.3279,11185.0
835,2021-08-04 10-29,3357.79,7538.0
836,2021-08-04 10-30,3356.9399,13235.0
837,2021-08-04 10-31,3357.48,5236.0
838,2021-08-04 10-32,3360.0701,8381.0
839,2021-08-04 10-33,3360.0,6812.0
840,2021-08-04 10-34,3363.74,8621.0
841,2021-08-04 10-35,3363.5701,35140.0
842,2021-08-04 10-36,3362.75,2224.0
843,2021-08-04 10-37,3362.75,0.0
844,2021-08-04 10-38,3361.71,5554.0
845,2021-08-04 10-39,3357.8723,8413.0
846,2021-08-04 10-40,3358.0601,3190.0
847,2021-08-04 10-41,3358.0601,0.0
848,2021-08-04 10-42,3360.6399,1908.0
849,2021-08-04 10-43,3361.55,5432.0
850,2021-08-04 10-44,3361.55,0.0
851,2021-08-04 10-45,3357.8201,5589.0
852,2021-08-04 10-46,3357.8201,0.0
853,2021-08-04 10-47,3359.8247,8869.0
854,2021-08-04 10-48,3358.51,3392.0
855,2021-08-04 10-49,3358.51,0.0
856,2021-08-04 10-50,3357.0,8826.0
857,2021-08-04 10-51,3356.0801,7421.0
858,2021-08-04 10-52,3356.0801,0.0
859,2021-08-04 10-53,3353.8301,5850.0
860,2021-08-04 10-54,3354.5,2145.0
861,2021-08-04 10-55,3354.3401,5022.0
862,2021-08-04 10-56,3354.3401,0.0
863,2021-08-04 10-57,3353.8799,5955.0
864,2021-08-04 10-58,3353.8301,8030.0
865,2021-08-04 10-59,3353.1101,4172.0
866,2021-08-04 11-00,3353.1101,0.0
867,2021-08-04 11-01,3357.98,5614.0
868,2021-08-04 11-02,3357.98,0.0
869,2021-08-04 11-03,3356.22,7982.0
870,2021-08-04 11-04,3355.51,3699.0
871,2021-08-04 11-05,3356.2849,4709.0
872,2021-08-04 11-06,3358.3301,5528.0
873,2021-08-04 11-07,3358.3301,0.0
874,2021-08-04 11-08,3358.3501,76322.0
875,2021-08-04 11-09,3356.0701,8223.0
876,2021-08-04 11-10,3356.0701,0.0
877,2021-08-04 11-11,3355.0,1848.0
878,2021-08-04 11-12,3355.0801,6804.0
879,2021-08-04 11-13,3354.75,1535.0
880,2021-08-04 11-14,3353.405,2334.0
881,2021-08-04 11-15,3353.405,0.0
882,2021-08-04 11-16,3352.75,2914.0
883,2021-08-04 11-17,3351.6001,4032.0
884,2021-08-04 11-18,3350.0,10587.0
885,2021-08-04 11-19,3350.0,0.0
886,2021-08-04 11-20,3349.0,9060.0
887,2021-08-04 11-21,3348.0967,7376.0
888,2021-08-04 11-22,3346.1499,2842.0
889,2021-08-04 11-23,3346.77,4895.0
890,2021-08-04 11-24,3346.77,0.0
891,2021-08-04 11-25,3347.28,5872.0
892,2021-08-04 11-26,3346.0,3705.0
893,2021-08-04 11-27,3348.3799,4253.0
894,2021-08-04 11-28,3350.6001,6288.0
895,2021-08-04 11-29,3350.6001,0.0
896,2021-08-04 11-30,3351.7451,4888.0
897,2021-08-04 11-31,3352.9651,8930.0
898,2021-08-04 11-32,3352.9651,0.0
899,2021-08-04 11-33,3350.2,3201.0
900,2021-08-04 11-34,3351.385,3128.0
901,2021-08-04 11-35,3353.6399,8242.0
902,2021-08-04 11-36,3353.6399,0.0
903,2021-08-04 11-37,3352.27,6339.0
904,2021-08-04 11-38,3350.3101,3737.0
905,2021-08-04 11-39,3349.3,3331.0
906,2021-08-04 11-40,3350.6675,5630.0
907,2021-08-04 11-41,3350.49,2759.0
908,2021-08-04 11-42,3350.5601,2427.0
909,2021-08-04 11-43,3352.0,7935.0
910,2021-08-04 11-44,3352.3101,2409.0
911,2021-08-04 11-45,3352.3101,0.0
912,2021-08-04 11-46,3351.5601,4800.0
913,2021-08-04 11-47,3352.49,2083.0
914,2021-08-04 11-48,3354.4099,3868.0
915,2021-08-04 11-49,3354.4099,0.0
916,2021-08-04 11-50,3357.79,14907.0
917,2021-08-04 11-51,3357.79,0.0
918,2021-08-04 11-52,3358.51,3292.0
919,2021-08-04 11-53,3359.1299,6859.0
920,2021-08-04 11-54,3359.1299,0.0
921,2021-08-04 11-55,3358.9299,9245.0
922,2021-08-04 11-56,3360.3352,5031.0
923,2021-08-04 11-57,3361.1899,2511.0
924,2021-08-04 11-58,3361.1899,0.0
925,2021-08-04 11-59,3362.0,7292.0
926,2021-08-04 12-00,3362.74,4027.0
927,2021-08-04 12-01,3360.7,6987.0
928,2021-08-04 12-02,3360.7,0.0
929,2021-08-04 12-03,3356.4399,6658.0
930,2021-08-04 12-04,3357.5552,3166.0
931,2021-08-04 12-05,3357.5552,0.0
932,2021-08-04 12-06,3357.1987,2652.0
933,2021-08-04 12-07,3359.3201,3354.0
934,2021-08-04 12-08,3359.6499,1736.0
935,2021-08-04 12-09,3360.3401,1382.0
936,2021-08-04 12-10,3361.8201,7162.0
937,2021-08-04 12-11,3361.8201,0.0
938,2021-08-04 12-12,3363.0,2776.0
939,2021-08-04 12-13,3362.5552,2843.0
940,2021-08-04 12-14,3361.1499,4327.0
941,2021-08-04 12-15,3361.1499,0.0
942,2021-08-04 12-16,3361.3,1966.0
943,2021-08-04 12-17,3361.3,0.0
944,2021-08-04 12-18,3361.6599,4313.0
945,2021-08-04 12-19,3361.6599,0.0
946,2021-08-04 12-20,3361.9199,5398.0
947,2021-08-04 12-21,3361.99,4073.0
948,2021-08-04 12-22,3361.6924,9424.0
949,2021-08-04 12-23,3361.6924,0.0
950,2021-08-04 12-24,3360.98,1489.0
951,2021-08-04 12-25,3358.02,4054.0
952,2021-08-04 12-26,3357.448,3060.0
953,2021-08-04 12-27,3359.6699,2383.0
954,2021-08-04 12-28,3359.6699,0.0
955,2021-08-04 12-29,3357.3,6331.0
956,2021-08-04 12-30,3356.1553,3011.0
957,2021-08-04 12-31,3356.1553,0.0
958,2021-08-04 12-32,3354.8899,8720.0
959,2021-08-04 12-33,3354.8899,0.0
960,2021-08-04 12-34,3355.0,4725.0
961,2021-08-04 12-35,3355.0,0.0
962,2021-08-04 12-36,3354.3799,5709.0
963,2021-08-04 12-37,3353.3701,1716.0
964,2021-08-04 12-38,3354.9199,5618.0
965,2021-08-04 12-39,3355.03,1526.0
966,2021-08-04 12-40,3354.1599,1275.0
967,2021-08-04 12-41,3354.1599,0.0
968,2021-08-04 12-42,3354.27,2082.0
969,2021-08-04 12-43,3354.27,0.0
970,2021-08-04 12-44,3353.76,3554.0
971,2021-08-04 12-45,3353.76,0.0
972,2021-08-04 12-46,3354.8601,6584.0
973,2021-08-04 12-47,3356.9951,3559.0
974,2021-08-04 12-48,3357.5952,1853.0
975,2021-08-04 12-49,3357.5952,0.0
976,2021-08-04 12-50,3357.8999,9856.0
977,2021-08-04 12-51,3357.8999,0.0
978,2021-08-04 12-52,3357.7952,4137.0
979,2021-08-04 12-53,3357.3247,1880.0
980,2021-08-04 12-54,3357.3247,0.0
981,2021-08-04 12-55,3357.9153,1221.0
982,2021-08-04 12-56,3357.9153,0.0
983,2021-08-04 12-57,3357.23,6563.0
984,2021-08-04 12-58,3358.25,4198.0
985,2021-08-04 12-59,3357.9849,2075.0
986,2021-08-04 13-00,3357.9849,0.0
987,2021-08-04 13-01,3359.9648,5658.0
988,2021-08-04 13-02,3360.5195,1125.0
989,2021-08-04 13-03,3359.8152,1708.0
990,2021-08-04 13-04,3359.8152,0.0
991,2021-08-04 13-05,3365.0049,17511.0
992,2021-08-04 13-06,3363.9353,3048.0
993,2021-08-04 13-07,3363.4849,2961.0
994,2021-08-04 13-08,3364.032,4358.0
995,2021-08-04 13-09,3364.032,0.0
996,2021-08-04 13-10,3364.7551,3429.0
997,2021-08-04 13-11,3364.7551,0.0
998,2021-08-04 13-12,3364.8,5910.0
999,2021-08-04 13-13,3365.21,4043.0
1000,2021-08-04 13-14,3366.99,10357.0
1001,2021-08-04 13-15,3365.9148,3624.0
1002,2021-08-04 13-16,3365.3047,4660.0
1003,2021-08-04 13-17,3369.0,5546.0
1004,2021-08-04 13-18,3368.1001,7339.0
1005,2021-08-04 13-19,3368.8999,5740.0
1006,2021-08-04 13-20,3368.8999,0.0
1007,2021-08-04 13-21,3367.6699,4619.0
1008,2021-08-04 13-22,3367.6699,0.0
1009,2021-08-04 13-23,3369.3301,3869.0
1010,2021-08-04 13-24,3367.02,4262.0
1011,2021-08-04 13-25,3365.45,5981.0
1012,2021-08-04 13-26,3365.45,0.0
1013,2021-08-04 13-27,3362.55,4814.0
1014,2021-08-04 13-28,3362.55,0.0
1015,2021-08-04 13-29,3362.21,5922.0
1016,2021-08-04 13-30,3362.21,0.0
1017,2021-08-04 13-31,3364.1179,3837.0
1018,2021-08-04 13-32,3364.3,5441.0
1019,2021-08-04 13-33,3364.3,0.0
1020,2021-08-04 13-34,3358.1101,11707.0
1021,2021-08-04 13-35,3361.0752,14353.0
1022,2021-08-04 13-36,3360.0,3548.0
1023,2021-08-04 13-37,3360.0,0.0
1024,2021-08-04 13-38,3361.8752,2712.0
1025,2021-08-04 13-39,3361.3201,4060.0
1026,2021-08-04 13-40,3361.3201,0.0
1027,2021-08-04 13-41,3361.24,4087.0
1028,2021-08-04 13-42,3361.24,0.0
1029,2021-08-04 13-43,3362.8247,5102.0
1030,2021-08-04 13-44,3361.6399,3106.0
1031,2021-08-04 13-45,3361.96,984.0
1032,2021-08-04 13-46,3359.8953,2001.0
1033,2021-08-04 13-47,3359.8953,0.0
1034,2021-08-04 13-48,3358.0801,6440.0
1035,2021-08-04 13-49,3360.98,2077.0
1036,2021-08-04 13-50,3360.3701,2493.0
1037,2021-08-04 13-51,3358.7,1537.0
1038,2021-08-04 13-52,3361.615,4216.0
1039,2021-08-04 13-53,3361.615,0.0
1040,2021-08-04 13-54,3363.4299,3259.0
1041,2021-08-04 13-55,3362.8101,3486.0
1042,2021-08-04 13-56,3362.8601,1314.0
1043,2021-08-04 13-57,3364.8101,2842.0
1044,2021-08-04 13-58,3362.0901,2340.0
1045,2021-08-04 13-59,3362.0901,0.0
1046,2021-08-04 14-00,3362.4399,4409.0
1047,2021-08-04 14-01,3361.1448,3926.0
1048,2021-08-04 14-02,3361.1448,0.0
1049,2021-08-04 14-03,3361.4199,3514.0
1050,2021-08-04 14-04,3361.4199,0.0
1051,2021-08-04 14-05,3364.0,3513.0
1052,2021-08-04 14-06,3363.5,3535.0
1053,2021-08-04 14-07,3364.95,6726.0
1054,2021-08-04 14-08,3365.0801,3398.0
1055,2021-08-04 14-09,3365.0801,0.0
1056,2021-08-04 14-10,3360.5,8279.0
1057,2021-08-04 14-11,3362.8301,4737.0
1058,2021-08-04 14-12,3362.3401,1697.0
1059,2021-08-04 14-13,3362.3401,0.0
1060,2021-08-04 14-14,3363.6973,1901.0
1061,2021-08-04 14-15,3363.1799,6054.0
1062,2021-08-04 14-16,3363.1799,0.0
1063,2021-08-04 14-17,3362.1899,2292.0
1064,2021-08-04 14-18,3362.3999,2068.0
1065,2021-08-04 14-19,3362.3999,0.0
1066,2021-08-04 14-20,3362.3999,0.0
1067,2021-08-04 14-21,3363.8081,4566.0
1068,2021-08-04 14-22,3364.3,2480.0
1069,2021-08-04 14-23,3363.3301,7540.0
1070,2021-08-04 14-24,3363.95,2867.0
1071,2021-08-04 14-25,3363.95,0.0
1072,2021-08-04 14-26,3364.0,1350.0
1073,2021-08-04 14-27,3362.5,4025.0
1074,2021-08-04 14-28,3362.24,3041.0
1075,2021-08-04 14-29,3362.24,0.0
1076,2021-08-04 14-30,3363.98,2353.0
1077,2021-08-04 14-31,3362.4399,5458.0
1078,2021-08-04 14-32,3362.4399,0.0
1079,2021-08-04 14-33,3362.7275,3470.0
1080,2021-08-04 14-34,3362.7275,0.0
1081,2021-08-04 14-35,3364.04,5108.0
1082,2021-08-04 14-36,3365.27,5004.0
1083,2021-08-04 14-37,3364.5,2874.0
1084,2021-08-04 14-38,3364.47,3870.0
1085,2021-08-04 14-39,3364.47,0.0
1086,2021-08-04 14-40,3367.4849,9152.0
1087,2021-08-04 14-41,3367.4849,0.0
1088,2021-08-04 14-42,3366.3601,4742.0
1089,2021-08-04 14-43,3363.8799,7491.0
1090,2021-08-04 14-44,3363.51,813.0
1091,2021-08-04 14-45,3363.51,0.0
1092,2021-08-04 14-46,3362.0901,2158.0
1093,2021-08-04 14-47,3361.7649,2110.0
1094,2021-08-04 14-48,3361.6699,7536.0
1095,2021-08-04 14-49,3361.6699,0.0
1096,2021-08-04 14-50,3361.8301,2031.0
1097,2021-08-04 14-51,3358.6521,6980.0
1098,2021-08-04 14-52,3359.1699,4465.0
1099,2021-08-04 14-53,3359.1699,0.0
1100,2021-08-04 14-54,3358.46,2749.0
1101,2021-08-04 14-55,3358.46,0.0
1102,2021-08-04 14-56,3356.05,7968.0
1103,2021-08-04 14-57,3356.8301,1846.0
1104,2021-08-04 14-58,3356.1047,3189.0
1105,2021-08-04 14-59,3356.1047,0.0
1106,2021-08-04 15-00,3356.6599,5360.0
1107,2021-08-04 15-01,3355.3899,2509.0
1108,2021-08-04 15-02,3355.3899,0.0
1109,2021-08-04 15-03,3356.04,4717.0
1110,2021-08-04 15-04,3355.9167,1753.0
1111,2021-08-04 15-05,3355.9167,0.0
1112,2021-08-04 15-06,3357.22,3867.0
1113,2021-08-04 15-07,3357.6101,3392.0
1114,2021-08-04 15-08,3357.6101,0.0
1115,2021-08-04 15-09,3357.28,6167.0
1116,2021-08-04 15-10,3357.03,3421.0
1117,2021-08-04 15-11,3357.03,0.0
1118,2021-08-04 15-12,3354.0,9317.0
1119,2021-08-04 15-13,3354.1221,3319.0
1120,2021-08-04 15-14,3354.1299,3959.0
1121,2021-08-04 15-15,3354.8,2367.0
1122,2021-08-04 15-16,3354.8,0.0
1123,2021-08-04 15-17,3354.5149,6795.0
1124,2021-08-04 15-18,3356.98,5510.0
1125,2021-08-04 15-19,3354.5,2171.0
1126,2021-08-04 15-20,3354.5701,2071.0
1127,2021-08-04 15-21,3355.6499,5399.0
1128,2021-08-04 15-22,3357.4951,4138.0
1129,2021-08-04 15-23,3357.4951,0.0
1130,2021-08-04 15-24,3357.24,7985.0
1131,2021-08-04 15-25,3357.3899,2485.0
1132,2021-08-04 15-26,3357.51,6173.0
1133,2021-08-04 15-27,3358.48,2640.0
1134,2021-08-04 15-28,3356.5847,5965.0
1135,2021-08-04 15-29,3356.5847,0.0
1136,2021-08-04 15-30,3356.3899,2907.0
1137,2021-08-04 15-31,3356.9448,2206.0
1138,2021-08-04 15-32,3356.9353,6078.0
1139,2021-08-04 15-33,3356.9353,0.0
1140,2021-08-04 15-34,3358.25,5343.0
1141,2021-08-04 15-35,3356.8701,2804.0
1142,2021-08-04 15-36,3357.4448,3630.0
1143,2021-08-04 15-37,3358.6299,6624.0
1144,2021-08-04 15-38,3358.6299,0.0
1145,2021-08-04 15-39,3357.6543,3355.0
1146,2021-08-04 15-40,3358.1399,2412.0
1147,2021-08-04 15-41,3358.1399,0.0
1148,2021-08-04 15-42,3358.4199,9867.0
1149,2021-08-04 15-43,3359.0,2756.0
1150,2021-08-04 15-44,3359.0,0.0
1151,2021-08-04 15-45,3358.8201,7541.0
1152,2021-08-04 15-46,3357.8999,5538.0
1153,2021-08-04 15-47,3356.8601,5772.0
1154,2021-08-04 15-48,3356.48,3672.0
1155,2021-08-04 15-49,3356.98,3304.0
1156,2021-08-04 15-50,3359.3501,11812.0
1157,2021-08-04 15-51,3358.1001,2898.0
1158,2021-08-04 15-52,3358.73,6563.0
1159,2021-08-04 15-53,3358.6001,5441.0
1160,2021-08-04 15-54,3360.01,14348.0
1161,2021-08-04 15-55,3355.7,11910.0
1162,2021-08-04 15-56,3355.8401,13653.0
1163,2021-08-04 15-57,3354.6399,13452.0
1164,2021-08-04 15-58,3355.1399,10124.0
1165,2021-08-05 09-30,3357.6399,48440.0
1166,2021-08-05 09-31,3355.54,16623.0
1167,2021-08-05 09-32,3353.0,7400.0
1168,2021-08-05 09-33,3353.0,0.0
1169,2021-08-05 09-34,3355.0,23706.0
1170,2021-08-05 09-35,3355.6299,5263.0
1171,2021-08-05 09-36,3353.5801,13246.0
1172,2021-08-05 09-37,3349.3401,6694.0
1173,2021-08-05 09-38,3349.3401,0.0
1174,2021-08-05 09-39,3348.8799,14195.0
1175,2021-08-05 09-40,3343.05,13119.0
1176,2021-08-05 09-41,3344.2354,9587.0
1177,2021-08-05 09-42,3341.8301,6851.0
1178,2021-08-05 09-43,3346.9399,16719.0
1179,2021-08-05 09-44,3349.95,8928.0
1180,2021-08-05 09-45,3347.72,6080.0
1181,2021-08-05 09-46,3355.0,11129.0
1182,2021-08-05 09-47,3358.97,11922.0
1183,2021-08-05 09-48,3364.1299,24040.0
1184,2021-08-05 09-49,3363.51,13778.0
1185,2021-08-05 09-50,3362.24,11039.0
1186,2021-08-05 09-51,3358.74,23009.0
1187,2021-08-05 09-52,3355.74,6445.0
1188,2021-08-05 09-53,3358.8899,8357.0
1189,2021-08-05 09-54,3356.0601,8840.0
1190,2021-08-05 09-55,3356.3501,5624.0
1191,2021-08-05 09-56,3356.3501,0.0
1192,2021-08-05 09-57,3352.6699,6266.0
1193,2021-08-05 09-58,3352.885,3169.0
1194,2021-08-05 09-59,3358.95,8753.0
1195,2021-08-05 10-00,3361.3799,14170.0
1196,2021-08-05 10-01,3360.0,6352.0
1197,2021-08-05 10-02,3358.3601,7041.0
1198,2021-08-05 10-03,3362.8701,5554.0
1199,2021-08-05 10-04,3363.55,6484.0
1200,2021-08-05 10-05,3362.6399,4847.0
1201,2021-08-05 10-06,3365.7112,8024.0
1202,2021-08-05 10-07,3364.53,6032.0
1203,2021-08-05 10-08,3371.3601,69309.0
1204,2021-08-05 10-09,3378.0,28606.0
1205,2021-08-05 10-10,3378.1384,7835.0
1206,2021-08-05 10-11,3376.0049,14158.0
1207,2021-08-05 10-12,3375.8701,9754.0
1208,2021-08-05 10-13,3376.0,7672.0
1209,2021-08-05 10-14,3376.0,0.0
1210,2021-08-05 10-15,3379.5,10985.0
1211,2021-08-05 10-16,3379.03,6700.0
1212,2021-08-05 10-17,3380.0,9175.0
1213,2021-08-05 10-18,3382.01,27310.0
1214,2021-08-05 10-19,3378.49,8621.0
1215,2021-08-05 10-20,3373.7,13318.0
1216,2021-08-05 10-21,3375.3601,10105.0
1217,2021-08-05 10-22,3376.5,7504.0
1218,2021-08-05 10-23,3374.79,7328.0
1219,2021-08-05 10-24,3371.3301,8386.0
1220,2021-08-05 10-25,3371.3301,0.0
1221,2021-08-05 10-26,3373.96,11197.0
1222,2021-08-05 10-27,3368.2637,6334.0
1223,2021-08-05 10-28,3375.01,5795.0
1224,2021-08-05 10-29,3378.6001,8710.0
1225,2021-08-05 10-30,3379.6299,6439.0
1226,2021-08-05 10-31,3385.1299,68356.0
1227,2021-08-05 10-32,3383.1399,8705.0
1228,2021-08-05 10-33,3385.8301,6197.0
1229,2021-08-05 10-34,3385.8301,0.0
1230,2021-08-05 10-35,3385.4199,20826.0
1231,2021-08-05 10-36,3383.0,15205.0
1232,2021-08-05 10-37,3382.24,5141.0
1233,2021-08-05 10-38,3379.96,5260.0
1234,2021-08-05 10-39,3376.0801,9782.0
1235,2021-08-05 10-40,3377.0,6965.0
1236,2021-08-05 10-41,3380.0,3529.0
1237,2021-08-05 10-42,3379.22,7531.0
1238,2021-08-05 10-43,3379.7952,7063.0
1239,2021-08-05 10-44,3381.54,3387.0
1240,2021-08-05 10-45,3379.73,7543.0
1241,2021-08-05 10-46,3380.6353,3868.0
1242,2021-08-05 10-47,3380.3501,5468.0
1243,2021-08-05 10-48,3381.5647,34982.0
1244,2021-08-05 10-49,3379.5901,7047.0
1245,2021-08-05 10-50,3382.0,10398.0
1246,2021-08-05 10-51,3382.0,0.0
1247,2021-08-05 10-52,3386.0,11247.0
1248,2021-08-05 10-53,3386.0,0.0
1249,2021-08-05 10-54,3388.6101,32497.0
1250,2021-08-05 10-55,3386.6001,34996.0
1251,2021-08-05 10-56,3389.0,12268.0
1252,2021-08-05 10-57,3387.0449,2963.0
1253,2021-08-05 10-58,3379.6799,32427.0
1254,2021-08-05 10-59,3379.6799,0.0
1255,2021-08-05 11-00,3376.7612,11649.0
1256,2021-08-05 11-01,3379.3401,7437.0
1257,2021-08-05 11-02,3382.5449,13897.0
1258,2021-08-05 11-03,3383.8159,3697.0
1259,2021-08-05 11-04,3384.0601,6039.0
1260,2021-08-05 11-05,3384.5,4499.0
1261,2021-08-05 11-06,3384.8601,1659.0
1262,2021-08-05 11-07,3382.8401,5061.0
1263,2021-08-05 11-08,3383.04,1789.0
1264,2021-08-05 11-09,3383.04,0.0
1265,2021-08-05 11-10,3378.0,9410.0
1266,2021-08-05 11-11,3375.25,25189.0
1267,2021-08-05 11-12,3377.7649,8922.0
1268,2021-08-05 11-13,3376.3501,4316.0
1269,2021-08-05 11-14,3376.3501,0.0
1270,2021-08-05 11-15,3378.3301,5407.0
1271,2021-08-05 11-16,3378.3521,1911.0
1272,2021-08-05 11-17,3378.3521,0.0
1273,2021-08-05 11-18,3376.0,7710.0
1274,2021-08-05 11-19,3375.0901,-20527.0
1275,2021-08-05 11-20,3376.3047,5496.0
1276,2021-08-05 11-21,3376.3047,0.0
1277,2021-08-05 11-22,3376.6953,5510.0
1278,2021-08-05 11-23,3376.8501,3584.0
1279,2021-08-05 11-24,3376.8501,0.0
1280,2021-08-05 11-25,3376.4199,6505.0
1281,2021-08-05 11-26,3376.3152,5254.0
1282,2021-08-05 11-27,3377.0,4254.0
1283,2021-08-05 11-28,3375.72,3179.0
1284,2021-08-05 11-29,3374.146,10209.0
1285,2021-08-05 11-30,3374.146,0.0
1286,2021-08-05 11-31,3375.78,2570.0
1287,2021-08-05 11-32,3376.8,2498.0
1288,2021-08-05 11-33,3375.1499,3617.0
1289,2021-08-05 11-34,3375.1499,0.0
1290,2021-08-05 11-35,3375.0,7269.0
1291,2021-08-05 11-36,3374.72,4638.0
1292,2021-08-05 11-37,3375.53,5710.0
1293,2021-08-05 11-38,3375.53,0.0
1294,2021-08-05 11-39,3376.75,3078.0
1295,2021-08-05 11-40,3375.54,3841.0
1296,2021-08-05 11-41,3375.26,2156.0
1297,2021-08-05 11-42,3375.26,0.0
1298,2021-08-05 11-43,3374.76,6259.0
1299,2021-08-05 11-44,3374.3799,3467.0
1300,2021-08-05 11-45,3376.3201,6118.0
1301,2021-08-05 11-46,3378.6499,3385.0
1302,2021-08-05 11-47,3378.6499,0.0
1303,2021-08-05 11-48,3378.73,3366.0
1304,2021-08-05 11-49,3378.1001,3713.0
1305,2021-08-05 11-50,3377.6799,1466.0
1306,2021-08-05 11-51,3377.6799,0.0
1307,2021-08-05 11-52,3375.666,4629.0
1308,2021-08-05 11-53,3378.3848,3464.0
1309,2021-08-05 11-54,3378.1648,3751.0
1310,2021-08-05 11-55,3377.49,3332.0
1311,2021-08-05 11-56,3377.5049,4330.0
1312,2021-08-05 11-57,3377.5049,0.0
1313,2021-08-05 11-58,3377.6152,2246.0
1314,2021-08-05 11-59,3377.3201,1608.0
1315,2021-08-05 12-00,3377.3201,0.0
1316,2021-08-05 12-01,3377.5601,7954.0
1317,2021-08-05 12-02,3378.8799,2397.0
1318,2021-08-05 12-03,3378.75,4125.0
1319,2021-08-05 12-04,3377.0,4004.0
1320,2021-08-05 12-05,3375.6399,3761.0
1321,2021-08-05 12-06,3377.8301,2259.0
1322,2021-08-05 12-07,3377.6799,2579.0
1323,2021-08-05 12-08,3378.5049,2765.0
1324,2021-08-05 12-09,3377.9199,4933.0
1325,2021-08-05 12-10,3375.6001,4346.0
1326,2021-08-05 12-11,3374.6201,5446.0
1327,2021-08-05 12-12,3373.8401,5620.0
1328,2021-08-05 12-13,3373.8401,0.0
1329,2021-08-05 12-14,3372.21,3346.0
1330,2021-08-05 12-15,3374.0,3010.0
1331,2021-08-05 12-16,3374.01,4209.0
1332,2021-08-05 12-17,3374.7373,3227.0
1333,2021-08-05 12-18,3374.8301,4522.0
1334,2021-08-05 12-19,3374.8301,0.0
1335,2021-08-05 12-20,3373.8701,5041.0
1336,2021-08-05 12-21,3373.25,4973.0
1337,2021-08-05 12-22,3373.25,0.0
1338,2021-08-05 12-23,3373.8301,2455.0
1339,2021-08-05 12-24,3374.04,2570.0
1340,2021-08-05 12-25,3373.0701,2969.0
1341,2021-08-05 12-26,3373.0,3340.0
1342,2021-08-05 12-27,3372.8247,1429.0
1343,2021-08-05 12-28,3373.5,2249.0
1344,2021-08-05 12-29,3374.49,1233.0
1345,2021-08-05 12-30,3374.49,0.0
1346,2021-08-05 12-31,3374.8,4328.0
1347,2021-08-05 12-32,3374.8,0.0
1348,2021-08-05 12-33,3375.1899,7460.0
1349,2021-08-05 12-34,3374.5,3431.0
1350,2021-08-05 12-35,3374.5,0.0
1351,2021-08-05 12-36,3374.0,5538.0
1352,2021-08-05 12-37,3374.5449,2534.0
1353,2021-08-05 12-38,3374.5449,0.0
1354,2021-08-05 12-39,3376.2,4990.0
1355,2021-08-05 12-40,3378.23,4473.0
1356,2021-08-05 12-41,3378.23,0.0
1357,2021-08-05 12-42,3379.0,4357.0
1358,2021-08-05 12-43,3377.4099,4921.0
1359,2021-08-05 12-44,3377.4099,0.0
1360,2021-08-05 12-45,3376.76,2241.0
1361,2021-08-05 12-46,3377.0,4091.0
1362,2021-08-05 12-47,3377.0,0.0
1363,2021-08-05 12-48,3379.2952,4339.0
1364,2021-08-05 12-49,3380.0,6721.0
1365,2021-08-05 12-50,3382.0552,5581.0
1366,2021-08-05 12-51,3382.0552,0.0
1367,2021-08-05 12-52,3381.7649,6407.0
1368,2021-08-05 12-53,3382.0,1646.0
1369,2021-08-05 12-54,3382.0,0.0
1370,2021-08-05 12-55,3380.8601,5234.0
1371,2021-08-05 12-56,3381.5,2146.0
1372,2021-08-05 12-57,3381.3967,8036.0
1373,2021-08-05 12-58,3381.3967,0.0
1374,2021-08-05 12-59,3382.1499,1633.0
1375,2021-08-05 13-00,3379.0393,3654.0
1376,2021-08-05 13-01,3379.0393,0.0
1377,2021-08-05 13-02,3379.0,1529.0
1378,2021-08-05 13-03,3376.8953,1917.0
1379,2021-08-05 13-04,3379.0,3558.0
1380,2021-08-05 13-05,3379.0,0.0
1381,2021-08-05 13-06,3379.0049,5473.0
1382,2021-08-05 13-07,3378.0,5809.0
1383,2021-08-05 13-08,3376.9548,566.0
1384,2021-08-05 13-09,3376.9548,0.0
1385,2021-08-05 13-10,3377.3799,1360.0
1386,2021-08-05 13-11,3377.0,2659.0
1387,2021-08-05 13-12,3375.9675,2543.0
1388,2021-08-05 13-13,3375.7,2333.0
1389,2021-08-05 13-14,3377.6499,2333.0
1390,2021-08-05 13-15,3378.6299,1795.0
1391,2021-08-05 13-16,3377.76,2163.0
1392,2021-08-05 13-17,3377.8899,2500.0
1393,2021-08-05 13-18,3377.71,2716.0
1394,2021-08-05 13-19,3377.71,0.0
1395,2021-08-05 13-20,3378.1101,2596.0
1396,2021-08-05 13-21,3378.1101,0.0
1397,2021-08-05 13-22,3379.46,2304.0
1398,2021-08-05 13-23,3380.3899,3149.0
1399,2021-08-05 13-24,3380.3899,0.0
1400,2021-08-05 13-25,3380.3701,3771.0
1401,2021-08-05 13-26,3380.6223,3018.0
1402,2021-08-05 13-27,3380.8,2117.0
1403,2021-08-05 13-28,3380.8,0.0
1404,2021-08-05 13-29,3382.0,2928.0
1405,2021-08-05 13-30,3381.28,2575.0
1406,2021-08-05 13-31,3381.8,2422.0
1407,2021-08-05 13-32,3382.3799,3984.0
1408,2021-08-05 13-33,3382.1799,975.0
1409,2021-08-05 13-34,3382.71,3056.0
1410,2021-08-05 13-35,3382.71,0.0
1411,2021-08-05 13-36,3382.7351,1718.0
1412,2021-08-05 13-37,3382.4199,2252.0
1413,2021-08-05 13-38,3382.4199,0.0
1414,2021-08-05 13-39,3383.8953,6138.0
1415,2021-08-05 13-40,3383.8953,0.0
1416,2021-08-05 13-41,3384.0249,4975.0
1417,2021-08-05 13-42,3384.25,5025.0
1418,2021-08-05 13-43,3384.25,0.0
1419,2021-08-05 13-44,3384.0,7334.0
1420,2021-08-05 13-45,3383.7249,3227.0
1421,2021-08-05 13-46,3381.03,4022.0
1422,2021-08-05 13-47,3381.5,1669.0
1423,2021-08-05 13-48,3381.5,0.0
1424,2021-08-05 13-49,3381.28,1563.0
1425,2021-08-05 13-50,3380.0,5019.0
1426,2021-08-05 13-51,3380.0,0.0
1427,2021-08-05 13-52,3380.0,1147.0
1428,2021-08-05 13-53,3379.76,2392.0
1429,2021-08-05 13-54,3379.5601,3415.0
1430,2021-08-05 13-55,3380.1001,1521.0
1431,2021-08-05 13-56,3380.1001,0.0
1432,2021-08-05 13-57,3381.0,3055.0
1433,2021-08-05 13-58,3380.8501,5465.0
1434,2021-08-05 13-59,3381.7048,1393.0
1435,2021-08-05 14-00,3381.7048,0.0
1436,2021-08-05 14-01,3381.6101,3565.0
1437,2021-08-05 14-02,3381.6101,0.0
1438,2021-08-05 14-03,3381.8,6041.0
1439,2021-08-05 14-04,3381.8,0.0
1440,2021-08-05 14-05,3380.99,7364.0
1441,2021-08-05 14-06,3380.9399,2627.0
1442,2021-08-05 14-07,3380.55,5654.0
1443,2021-08-05 14-08,3380.1499,2643.0
1444,2021-08-05 14-09,3380.1499,0.0
1445,2021-08-05 14-10,3381.1953,4923.0
1446,2021-08-05 14-11,3382.1753,3348.0
1447,2021-08-05 14-12,3382.0901,3311.0
1448,2021-08-05 14-13,3380.02,4249.0
1449,2021-08-05 14-14,3380.02,0.0
1450,2021-08-05 14-15,3378.3848,5442.0
1451,2021-08-05 14-16,3379.1899,2710.0
1452,2021-08-05 14-17,3379.49,4896.0
1453,2021-08-05 14-18,3380.1699,1683.0
1454,2021-08-05 14-19,3380.1699,0.0
1455,2021-08-05 14-20,3380.3,1471.0
1456,2021-08-05 14-21,3379.03,5269.0
1457,2021-08-05 14-22,3379.03,2983.0
1458,2021-08-05 14-23,3378.73,2230.0
1459,2021-08-05 14-24,3378.5,3319.0
1460,2021-08-05 14-25,3379.3921,1354.0
1461,2021-08-05 14-26,3379.3921,0.0
1462,2021-08-05 14-27,3378.3,5183.0
1463,2021-08-05 14-28,3377.46,2410.0
1464,2021-08-05 14-29,3375.2012,4624.0
1465,2021-08-05 14-30,3375.0,3947.0
1466,2021-08-05 14-31,3375.3047,3731.0
1467,2021-08-05 14-32,3376.0,5615.0
1468,2021-08-05 14-33,3375.8301,4781.0
1469,2021-08-05 14-34,3375.5701,4155.0
1470,2021-08-05 14-35,3375.5701,0.0
1471,2021-08-05 14-36,3377.1599,4311.0
1472,2021-08-05 14-37,3376.52,4039.0
1473,2021-08-05 14-38,3373.78,3082.0
1474,2021-08-05 14-39,3375.4099,4703.0
1475,2021-08-05 14-40,3374.6499,3294.0
1476,2021-08-05 14-41,3374.6499,0.0
1477,2021-08-05 14-42,3374.0,7413.0
1478,2021-08-05 14-43,3372.1499,5040.0
1479,2021-08-05 14-44,3372.1499,0.0
1480,2021-08-05 14-45,3374.0,8618.0
1481,2021-08-05 14-46,3373.3899,5715.0
1482,2021-08-05 14-47,3374.02,2880.0
1483,2021-08-05 14-48,3374.04,1289.0
1484,2021-08-05 14-49,3372.0,4803.0
1485,2021-08-05 14-50,3372.29,17207.0
1486,2021-08-05 14-51,3372.29,0.0
1487,2021-08-05 14-52,3372.1299,1480.0
1488,2021-08-05 14-53,3371.8401,4181.0
1489,2021-08-05 14-54,3371.5,3761.0
1490,2021-08-05 14-55,3372.0,4010.0
1491,2021-08-05 14-56,3373.0,10631.0
1492,2021-08-05 14-57,3372.26,1681.0
1493,2021-08-05 14-58,3372.29,2081.0
1494,2021-08-05 14-59,3372.29,0.0
1495,2021-08-05 15-00,3373.4895,6606.0
1496,2021-08-05 15-01,3375.6201,7071.0
1497,2021-08-05 15-02,3375.4448,5296.0
1498,2021-08-05 15-03,3374.78,4129.0
1499,2021-08-05 15-04,3374.78,0.0
1500,2021-08-05 15-05,3374.5151,3878.0
1501,2021-08-05 15-06,3374.5151,0.0
1502,2021-08-05 15-07,3374.45,5719.0
1503,2021-08-05 15-08,3375.1299,1625.0
1504,2021-08-05 15-09,3375.1299,0.0
1505,2021-08-05 15-10,3375.4399,7519.0
1506,2021-08-05 15-11,3375.2,1520.0
1507,2021-08-05 15-12,3375.2,0.0
1508,2021-08-05 15-13,3377.0,3161.0
1509,2021-08-05 15-14,3376.8799,7766.0
1510,2021-08-05 15-15,3375.4399,3713.0
1511,2021-08-05 15-16,3375.3401,3779.0
1512,2021-08-05 15-17,3375.3401,0.0
1513,2021-08-05 15-18,3373.1101,2510.0
1514,2021-08-05 15-19,3372.9851,6528.0
1515,2021-08-05 15-20,3373.7,1893.0
1516,2021-08-05 15-21,3373.7449,13319.0
1517,2021-08-05 15-22,3373.7449,0.0
1518,2021-08-05 15-23,3374.1299,5618.0
1519,2021-08-05 15-24,3375.05,1951.0
1520,2021-08-05 15-25,3376.3,5181.0
1521,2021-08-05 15-26,3376.6001,3223.0
1522,2021-08-05 15-27,3376.6001,0.0
1523,2021-08-05 15-28,3376.1101,1875.0
1524,2021-08-05 15-29,3374.9099,3912.0
1525,2021-08-05 15-30,3374.8601,2073.0
1526,2021-08-05 15-31,3374.8,2760.0
1527,2021-08-05 15-32,3373.25,2629.0
1528,2021-08-05 15-33,3373.25,0.0
1529,2021-08-05 15-34,3374.4751,3670.0
1530,2021-08-05 15-35,3374.29,5664.0
1531,2021-08-05 15-36,3374.29,0.0
1532,2021-08-05 15-37,3373.23,4924.0
1533,2021-08-05 15-38,3373.7588,7108.0
1534,2021-08-05 15-39,3372.49,2012.0
1535,2021-08-05 15-40,3372.49,0.0
1536,2021-08-05 15-41,3372.22,3107.0
1537,2021-08-05 15-42,3372.6699,4691.0
1538,2021-08-05 15-43,3373.4299,3775.0
1539,2021-08-05 15-44,3373.3999,3313.0
1540,2021-08-05 15-45,3373.3799,2279.0
1541,2021-08-05 15-46,3373.6799,5893.0
1542,2021-08-05 15-47,3373.1201,2920.0
1543,2021-08-05 15-48,3372.3799,3741.0
1544,2021-08-05 15-49,3373.1201,3233.0
1545,2021-08-05 15-50,3373.3,11969.0
1546,2021-08-05 15-51,3373.3,0.0
1547,2021-08-05 15-52,3371.51,18052.0
1548,2021-08-05 15-53,3372.2825,13810.0
1549,2021-08-05 15-54,3370.5901,10790.0
1550,2021-08-05 15-55,3370.5901,0.0
1551,2021-08-05 15-56,3372.7048,26358.0
1552,2021-08-05 15-57,3373.8352,11797.0
1553,2021-08-06 09-30,3372.3401,78357.0
1554,2021-08-06 09-31,3369.8799,21694.0
1555,2021-08-06 09-32,3369.8799,0.0
1556,2021-08-06 09-33,3366.76,25109.0
1557,2021-08-06 09-34,3363.0,31338.0
1558,2021-08-06 09-35,3370.55,14281.0
1559,2021-08-06 09-36,3369.1101,16535.0
1560,2021-08-06 09-37,3369.1101,0.0
1561,2021-08-06 09-38,3369.6001,20091.0
1562,2021-08-06 09-39,3367.8501,9984.0
1563,2021-08-06 09-40,3367.8501,0.0
1564,2021-08-06 09-41,3361.23,23173.0
1565,2021-08-06 09-42,3362.3752,11084.0
1566,2021-08-06 09-43,3360.7,8306.0
1567,2021-08-06 09-44,3358.5457,14795.0
1568,2021-08-06 09-45,3363.0801,16330.0
1569,2021-08-06 09-46,3361.0,11287.0
1570,2021-08-06 09-47,3364.9399,10577.0
1571,2021-08-06 09-48,3361.96,14912.0
1572,2021-08-06 09-49,3364.05,6699.0
1573,2021-08-06 09-50,3360.0,13239.0
1574,2021-08-06 09-51,3358.8047,8487.0
1575,2021-08-06 09-52,3360.6699,6168.0
1576,2021-08-06 09-53,3357.04,9065.0
1577,2021-08-06 09-54,3357.9485,6985.0
1578,2021-08-06 09-55,3356.1499,7298.0
1579,2021-08-06 09-56,3359.7449,7543.0
1580,2021-08-06 09-57,3359.7449,0.0
1581,2021-08-06 09-58,3361.48,11775.0
1582,2021-08-06 09-59,3358.8152,7041.0
1583,2021-08-06 10-00,3357.8301,8696.0
1584,2021-08-06 10-01,3355.062,16121.0
1585,2021-08-06 10-02,3354.8149,4968.0
1586,2021-08-06 10-03,3355.4919,6562.0
1587,2021-08-06 10-04,3358.01,7099.0
1588,2021-08-06 10-05,3353.1001,9125.0
1589,2021-08-06 10-06,3352.145,7164.0
1590,2021-08-06 10-07,3352.145,0.0
1591,2021-08-06 10-08,3355.6047,12597.0
1592,2021-08-06 10-09,3358.1128,7451.0
1593,2021-08-06 10-10,3358.0,2710.0
1594,2021-08-06 10-11,3357.6399,7041.0
1595,2021-08-06 10-12,3357.3101,5259.0
1596,2021-08-06 10-13,3357.23,8331.0
1597,2021-08-06 10-14,3354.4399,6300.0
1598,2021-08-06 10-15,3350.3313,9892.0
1599,2021-08-06 10-16,3351.8401,5311.0
1600,2021-08-06 10-17,3352.4451,7404.0
1601,2021-08-06 10-18,3353.8501,5816.0
1602,2021-08-06 10-19,3352.7251,3232.0
1603,2021-08-06 10-20,3348.76,24168.0
1604,2021-08-06 10-21,3348.6899,7377.0
1605,2021-08-06 10-22,3347.5,8169.0
1606,2021-08-06 10-23,3348.6499,13576.0
1607,2021-08-06 10-24,3347.1799,4391.0
1608,2021-08-06 10-25,3350.6851,10158.0
1609,2021-08-06 10-26,3350.6851,0.0
1610,2021-08-06 10-27,3346.9939,9340.0
1611,2021-08-06 10-28,3348.3999,6285.0
1612,2021-08-06 10-29,3348.74,4097.0
1613,2021-08-06 10-30,3349.8799,4066.0
1614,2021-08-06 10-31,3352.04,4972.0
1615,2021-08-06 10-32,3353.3699,10883.0
1616,2021-08-06 10-33,3353.3699,0.0
1617,2021-08-06 10-34,3353.0,14742.0
1618,2021-08-06 10-35,3353.3999,3001.0
1619,2021-08-06 10-36,3353.1799,4710.0
1620,2021-08-06 10-37,3353.0601,4574.0
1621,2021-08-06 10-38,3354.26,8135.0
1622,2021-08-06 10-39,3353.3101,5618.0
1623,2021-08-06 10-40,3353.385,3604.0
1624,2021-08-06 10-41,3353.0,4009.0
1625,2021-08-06 10-42,3353.0,0.0
1626,2021-08-06 10-43,3354.2,1962.0
1627,2021-08-06 10-44,3355.02,5322.0
1628,2021-08-06 10-45,3353.21,4140.0
1629,2021-08-06 10-46,3350.0,7293.0
1630,2021-08-06 10-47,3349.02,6411.0
1631,2021-08-06 10-48,3349.2971,5103.0
1632,2021-08-06 10-49,3345.28,8013.0
1633,2021-08-06 10-50,3346.9199,20403.0
1634,2021-08-06 10-51,3344.03,8366.0
1635,2021-08-06 10-52,3343.6399,6769.0
1636,2021-08-06 10-53,3341.24,13253.0
1637,2021-08-06 10-54,3341.8501,6323.0
1638,2021-08-06 10-55,3341.7207,6829.0
1639,2021-08-06 10-56,3339.4299,15028.0
1640,2021-08-06 10-57,3338.55,6030.0
1641,2021-08-06 10-58,3339.0801,7390.0
1642,2021-08-06 10-59,3340.75,18911.0
1643,2021-08-06 11-00,3340.0701,7097.0
1644,2021-08-06 11-01,3339.9199,4993.0
1645,2021-08-06 11-02,3337.0,31569.0
1646,2021-08-06 11-03,3335.3101,12997.0
1647,2021-08-06 11-04,3334.0,7895.0
1648,2021-08-06 11-05,3330.9299,24036.0
1649,2021-08-06 11-06,3331.0,4410.0
1650,2021-08-06 11-07,3330.6101,7950.0
1651,2021-08-06 11-08,3330.6101,0.0
1652,2021-08-06 11-09,3332.1899,9951.0
1653,2021-08-06 11-10,3333.25,14957.0
1654,2021-08-06 11-11,3333.1499,10441.0
1655,2021-08-06 11-12,3335.4636,8572.0
1656,2021-08-06 11-13,3335.4636,0.0
1657,2021-08-06 11-14,3333.125,17875.0
1658,2021-08-06 11-15,3333.125,0.0
1659,2021-08-06 11-16,3334.9399,26845.0
1660,2021-08-06 11-17,3334.9399,0.0
1661,2021-08-06 11-18,3336.6799,23177.0
1662,2021-08-06 11-19,3338.2451,14262.0
1663,2021-08-06 11-20,3337.8301,6920.0
1664,2021-08-06 11-21,3337.3401,8625.0
1665,2021-08-06 11-22,3338.6799,9020.0
1666,2021-08-06 11-23,3337.0349,20719.0
1667,2021-08-06 11-24,3335.02,2819.0
1668,2021-08-06 11-25,3335.02,0.0
1669,2021-08-06 11-26,3337.0,6563.0
1670,2021-08-06 11-27,3337.0,1557.0
1671,2021-08-06 11-28,3337.02,13017.0
1672,2021-08-06 11-29,3337.02,0.0
1673,2021-08-06 11-30,3338.5,3042.0
1674,2021-08-06 11-31,3338.6299,5713.0
1675,2021-08-06 11-32,3339.6555,5312.0
1676,2021-08-06 11-33,3339.6555,0.0
1677,2021-08-06 11-34,3339.1399,7976.0
1678,2021-08-06 11-35,3337.3101,2692.0
1679,2021-08-06 11-36,3337.3101,0.0
1680,2021-08-06 11-37,3336.3799,6679.0
1681,2021-08-06 11-38,3335.8899,12731.0
1682,2021-08-06 11-39,3335.8899,0.0
1683,2021-08-06 11-40,3335.3799,4068.0
1684,2021-08-06 11-41,3334.1799,8234.0
1685,2021-08-06 11-42,3334.1799,0.0
1686,2021-08-06 11-43,3332.29,12085.0
1687,2021-08-06 11-44,3332.835,3254.0
1688,2021-08-06 11-45,3332.835,0.0
1689,2021-08-06 11-46,3331.7119,10126.0
1690,2021-08-06 11-47,3333.6201,6204.0
1691,2021-08-06 11-48,3334.0,2938.0
1692,2021-08-06 11-49,3334.7251,5666.0
1693,2021-08-06 11-50,3336.02,2632.0
1694,2021-08-06 11-51,3336.02,0.0
1695,2021-08-06 11-52,3336.6399,8059.0
1696,2021-08-06 11-53,3334.9551,4440.0
1697,2021-08-06 11-54,3336.6001,4224.0
1698,2021-08-06 11-55,3336.0,2607.0
1699,2021-08-06 11-56,3336.0,3648.0
1700,2021-08-06 11-57,3336.22,2812.0
1701,2021-08-06 11-58,3337.99,4981.0
1702,2021-08-06 11-59,3339.0,6415.0
1703,2021-08-06 12-00,3339.97,6996.0
1704,2021-08-06 12-01,3339.3301,5603.0
1705,2021-08-06 12-02,3339.3301,0.0
1706,2021-08-06 12-03,3337.77,4314.0
1707,2021-08-06 12-04,3337.9351,5988.0
1708,2021-08-06 12-05,3337.77,4084.0
1709,2021-08-06 12-06,3337.74,2533.0
1710,2021-08-06 12-07,3337.74,0.0
1711,2021-08-06 12-08,3336.3401,2920.0
1712,2021-08-06 12-09,3336.3401,0.0
1713,2021-08-06 12-10,3335.6643,5269.0
1714,2021-08-06 12-11,3336.73,3893.0
1715,2021-08-06 12-12,3336.73,0.0
1716,2021-08-06 12-13,3336.3899,4286.0
1717,2021-08-06 12-14,3334.02,4109.0
1718,2021-08-06 12-15,3334.02,0.0
1719,2021-08-06 12-16,3334.99,6508.0
1720,2021-08-06 12-17,3337.8271,10485.0
1721,2021-08-06 12-18,3337.8271,0.0
1722,2021-08-06 12-19,3336.8,3608.0
1723,2021-08-06 12-20,3336.1499,2638.0
1724,2021-08-06 12-21,3335.4075,4819.0
1725,2021-08-06 12-22,3336.5713,4394.0
1726,2021-08-06 12-23,3336.5713,0.0
1727,2021-08-06 12-24,3338.77,5711.0
1728,2021-08-06 12-25,3338.5,4089.0
1729,2021-08-06 12-26,3338.5,0.0
1730,2021-08-06 12-27,3338.1799,6744.0
1731,2021-08-06 12-28,3338.98,4355.0
1732,2021-08-06 12-29,3339.1799,6114.0
1733,2021-08-06 12-30,3339.1799,0.0
1734,2021-08-06 12-31,3339.1001,7606.0
1735,2021-08-06 12-32,3339.1001,0.0
1736,2021-08-06 12-33,3340.4023,6348.0
1737,2021-08-06 12-34,3340.4023,0.0
1738,2021-08-06 12-35,3339.835,11517.0
1739,2021-08-06 12-36,3340.49,3200.0
1740,2021-08-06 12-37,3339.4199,2233.0
1741,2021-08-06 12-38,3337.8955,4326.0
1742,2021-08-06 12-39,3337.8955,0.0
1743,2021-08-06 12-40,3336.1599,3604.0
1744,2021-08-06 12-41,3336.1599,0.0
1745,2021-08-06 12-42,3336.77,7070.0
1746,2021-08-06 12-43,3336.4299,2257.0
1747,2021-08-06 12-44,3336.99,1261.0
1748,2021-08-06 12-45,3336.99,0.0
1749,2021-08-06 12-46,3335.5928,5926.0
1750,2021-08-06 12-47,3335.5928,0.0
1751,2021-08-06 12-48,3336.416,3335.0
1752,2021-08-06 12-49,3336.416,0.0
1753,2021-08-06 12-50,3335.97,8701.0
1754,2021-08-06 12-51,3336.6001,1957.0
1755,2021-08-06 12-52,3337.51,3454.0
1756,2021-08-06 12-53,3337.45,5864.0
1757,2021-08-06 12-54,3337.45,0.0
1758,2021-08-06 12-55,3337.3401,2357.0
1759,2021-08-06 12-56,3337.1799,3582.0
1760,2021-08-06 12-57,3337.1899,1904.0
1761,2021-08-06 12-58,3338.3401,4215.0
1762,2021-08-06 12-59,3338.1851,1506.0
1763,2021-08-06 13-00,3338.1851,0.0
1764,2021-08-06 13-01,3338.27,4311.0
1765,2021-08-06 13-02,3338.71,5624.0
1766,2021-08-06 13-03,3338.71,0.0
1767,2021-08-06 13-04,3340.27,2395.0
1768,2021-08-06 13-05,3339.925,2562.0
1769,2021-08-06 13-06,3339.5349,3131.0
1770,2021-08-06 13-07,3338.48,2939.0
1771,2021-08-06 13-08,3338.48,0.0
1772,2021-08-06 13-09,3338.5601,2014.0
1773,2021-08-06 13-10,3338.5601,0.0
1774,2021-08-06 13-11,3339.25,4700.0
1775,2021-08-06 13-12,3339.25,0.0
1776,2021-08-06 13-13,3339.8899,4570.0
1777,2021-08-06 13-14,3339.8899,0.0
1778,2021-08-06 13-15,3341.0449,4636.0
1779,2021-08-06 13-16,3341.0449,0.0
1780,2021-08-06 13-17,3341.0,8968.0
1781,2021-08-06 13-18,3339.6001,4097.0
1782,2021-08-06 13-19,3339.6001,0.0
1783,2021-08-06 13-20,3339.1597,3408.0
1784,2021-08-06 13-21,3338.54,2395.0
1785,2021-08-06 13-22,3338.7,1583.0
1786,2021-08-06 13-23,3338.7,0.0
1787,2021-08-06 13-24,3335.6899,8971.0
1788,2021-08-06 13-25,3335.22,5939.0
1789,2021-08-06 13-26,3334.6897,3089.0
1790,2021-08-06 13-27,3334.8301,2635.0
1791,2021-08-06 13-28,3334.8301,0.0
1792,2021-08-06 13-29,3335.0,10198.0
1793,2021-08-06 13-30,3335.5,2832.0
1794,2021-08-06 13-31,3335.5,0.0
1795,2021-08-06 13-32,3335.6499,7311.0
1796,2021-08-06 13-33,3335.8999,3621.0
1797,2021-08-06 13-34,3335.885,3883.0
1798,2021-08-06 13-35,3335.885,0.0
1799,2021-08-06 13-36,3336.8701,4459.0
1800,2021-08-06 13-37,3336.8701,0.0
1801,2021-08-06 13-38,3336.5701,4985.0
1802,2021-08-06 13-39,3336.5901,1022.0
1803,2021-08-06 13-40,3336.1699,3510.0
1804,2021-08-06 13-41,3335.95,1036.0
1805,2021-08-06 13-42,3335.95,0.0
1806,2021-08-06 13-43,3335.1699,7988.0
1807,2021-08-06 13-44,3336.1899,4465.0
1808,2021-08-06 13-45,3336.55,3399.0
1809,2021-08-06 13-46,3336.405,1344.0
1810,2021-08-06 13-47,3336.405,0.0
1811,2021-08-06 13-48,3336.01,3660.0
1812,2021-08-06 13-49,3335.52,3371.0
1813,2021-08-06 13-50,3334.54,5890.0
1814,2021-08-06 13-51,3334.54,0.0
1815,2021-08-06 13-52,3334.54,0.0
1816,2021-08-06 13-53,3334.5967,10873.0
1817,2021-08-06 13-54,3334.5149,3299.0
1818,2021-08-06 13-55,3333.9199,3671.0
1819,2021-08-06 13-56,3333.7051,9567.0
1820,2021-08-06 13-57,3333.675,844.0
1821,2021-08-06 13-58,3333.675,0.0
1822,2021-08-06 13-59,3333.6299,6594.0
1823,2021-08-06 14-00,3334.3601,5901.0
1824,2021-08-06 14-01,3335.5601,7487.0
1825,2021-08-06 14-02,3336.585,11841.0
1826,2021-08-06 14-03,3336.585,0.0
1827,2021-08-06 14-04,3337.6599,5886.0
1828,2021-08-06 14-05,3337.6599,0.0
1829,2021-08-06 14-06,3336.395,8248.0
1830,2021-08-06 14-07,3335.8401,1470.0
1831,2021-08-06 14-08,3335.9951,2270.0
1832,2021-08-06 14-09,3336.75,4629.0
1833,2021-08-06 14-10,3336.0,2971.0
1834,2021-08-06 14-11,3336.0,0.0
1835,2021-08-06 14-12,3337.0349,5497.0
1836,2021-08-06 14-13,3336.1299,6012.0
1837,2021-08-06 14-14,3336.1299,0.0
1838,2021-08-06 14-15,3334.3401,4344.0
1839,2021-08-06 14-16,3336.2498,5778.0
1840,2021-08-06 14-17,3335.3269,2350.0
1841,2021-08-06 14-18,3335.3269,0.0
1842,2021-08-06 14-19,3335.6899,2559.0
1843,2021-08-06 14-20,3334.125,7070.0
1844,2021-08-06 14-21,3334.125,0.0
1845,2021-08-06 14-22,3334.3799,2173.0
1846,2021-08-06 14-23,3334.3799,0.0
1847,2021-08-06 14-24,3334.3201,6146.0
1848,2021-08-06 14-25,3334.3201,0.0
1849,2021-08-06 14-26,3334.678,8153.0
1850,2021-08-06 14-27,3335.1399,1267.0
1851,2021-08-06 14-28,3335.6499,8769.0
1852,2021-08-06 14-29,3335.6499,0.0
1853,2021-08-06 14-30,3334.6699,2017.0
1854,2021-08-06 14-31,3334.6699,0.0
1855,2021-08-06 14-32,3334.9351,2596.0
1856,2021-08-06 14-33,3335.8999,4437.0
1857,2021-08-06 14-34,3335.79,5792.0
1858,2021-08-06 14-35,3335.74,1635.0
1859,2021-08-06 14-36,3335.74,0.0
1860,2021-08-06 14-37,3335.3,2606.0
1861,2021-08-06 14-38,3334.51,3554.0
1862,2021-08-06 14-39,3334.51,0.0
1863,2021-08-06 14-40,3336.7,7671.0
1864,2021-08-06 14-41,3336.7,0.0
1865,2021-08-06 14-42,3335.5549,8616.0
1866,2021-08-06 14-43,3335.6899,7201.0
1867,2021-08-06 14-44,3338.4399,9891.0
1868,2021-08-06 14-45,3338.4399,0.0
1869,2021-08-06 14-46,3336.5049,12035.0
1870,2021-08-06 14-47,3335.8101,3264.0
1871,2021-08-06 14-48,3336.55,3399.0
1872,2021-08-06 14-49,3336.55,0.0
1873,2021-08-06 14-50,3335.4351,7170.0
1874,2021-08-06 14-51,3335.6851,779.0
1875,2021-08-06 14-52,3335.6851,0.0
1876,2021-08-06 14-53,3336.8999,5719.0
1877,2021-08-06 14-54,3336.7451,5138.0
1878,2021-08-06 14-55,3335.8899,3582.0
1879,2021-08-06 14-56,3335.8899,0.0
1880,2021-08-06 14-57,3336.075,6349.0
1881,2021-08-06 14-58,3336.075,0.0
1882,2021-08-06 14-59,3337.24,5995.0
1883,2021-08-06 15-00,3336.95,5113.0
1884,2021-08-06 15-01,3338.7,8140.0
1885,2021-08-06 15-02,3337.9351,5538.0
1886,2021-08-06 15-03,3338.49,4910.0
1887,2021-08-06 15-04,3336.6951,2230.0
1888,2021-08-06 15-05,3336.6599,2840.0
1889,2021-08-06 15-06,3336.155,4517.0
1890,2021-08-06 15-07,3336.155,0.0
1891,2021-08-06 15-08,3336.8701,2774.0
1892,2021-08-06 15-09,3337.3999,7922.0
1893,2021-08-06 15-10,3337.3601,4111.0
1894,2021-08-06 15-11,3338.0601,3251.0
1895,2021-08-06 15-12,3338.0601,0.0
1896,2021-08-06 15-13,3338.03,4641.0
1897,2021-08-06 15-14,3337.5801,1731.0
1898,2021-08-06 15-15,3336.71,3484.0
1899,2021-08-06 15-16,3336.97,2470.0
1900,2021-08-06 15-17,3336.5,4661.0
1901,2021-08-06 15-18,3336.6001,5056.0
1902,2021-08-06 15-19,3336.6001,0.0
1903,2021-08-06 15-20,3338.0801,3343.0
1904,2021-08-06 15-21,3337.9451,3794.0
1905,2021-08-06 15-22,3339.53,5689.0
1906,2021-08-06 15-23,3340.1399,48630.0
1907,2021-08-06 15-24,3340.1399,0.0
1908,2021-08-06 15-25,3340.5701,12059.0
1909,2021-08-06 15-26,3341.3401,8515.0
1910,2021-08-06 15-27,3341.03,5047.0
1911,2021-08-06 15-28,3340.95,5029.0
1912,2021-08-06 15-29,3340.95,0.0
1913,2021-08-06 15-30,3341.5034,11341.0
1914,2021-08-06 15-31,3340.3999,12365.0
1915,2021-08-06 15-32,3340.3999,0.0
1916,2021-08-06 15-33,3340.0801,6558.0
1917,2021-08-06 15-34,3341.72,5259.0
1918,2021-08-06 15-35,3341.5759,7735.0
1919,2021-08-06 15-36,3341.895,6899.0
1920,2021-08-06 15-37,3341.03,4478.0
1921,2021-08-06 15-38,3340.835,3666.0
1922,2021-08-06 15-39,3341.5,11474.0
1923,2021-08-06 15-40,3341.5,0.0
1924,2021-08-06 15-41,3341.3501,6608.0
1925,2021-08-06 15-42,3341.3301,5552.0
1926,2021-08-06 15-43,3341.3301,0.0
1927,2021-08-06 15-44,3341.98,10200.0
1928,2021-08-06 15-45,3341.0149,8133.0
1929,2021-08-06 15-46,3341.0149,0.0
1930,2021-08-06 15-47,3340.72,12912.0
1931,2021-08-06 15-48,3340.5901,6034.0
1932,2021-08-06 15-49,3340.6699,6672.0
1933,2021-08-06 15-50,3339.1299,11705.0
1934,2021-08-06 15-51,3339.99,11046.0
